Workbook

Sheet SizeData
A1: Item Code# | B1: Size
A2: 735192 | B2: 750ml
A3: 48015 | B3: 375ml
A4: 37302 | B4: 750ml
A5: 607904 | B5: 750ml
A6: 86692 | B6: 750ml
A7: 89184 | B7: 750ml
A8: 415315 | B8: 1.5L
A9: 35592 | B9: 750ml
A10: 65191 | B10: 50ml
A11: 89679 | B11: 750ml
A12: 38064 | B12: 375ml
A13: 975002 | B13: 750ml
... A3811: 88241 | B3811: 100ml
A3812: 729099 | B3812: 187ml
A3813: 729077 | B3813: 187ml
A3814: 729021 | B3814: 187ml
A3815: 803475 | B3815: 187ml
A3816: 86751 | B3816: 750ml
A3817: 59536 | B3817: 750ml
A3818: 59551 | B3818: 750ml
A3819: 88291 | B3819: 50ml
A3820: 28281 | B3820: 1.75L
A3821: 729099 | B3821: 187ml
A3822: 88189 | B3822: 375ml
A3823: 10776 | B3823: 375ml
A3824: 26707 | B3824: 750ml
A3825: 425540 | B3825: 187ml
A3826: 884912 | B3826: 750ml
A3827: 884914 | B3827: 750ml
A3828: 26966 | B3828: 750ml
... A3839: 11588 | B3839: 1.75L

Sheet Warehouse
B1: =TODAY() | D1: =SUM(D2:D6219)
B2: Name | C2: Size | D2: Reserved Quantity | E2: Order | F2: Date | G2: Note
A3: 34008 | B3: ABSOLUT 80 VODKA | C3: =VLOOKUP(A3,SizeData!A$2:B$3839,2,FALSE) | D3: 4 | E3: R2084427 | F3: 45050
A4: 768681 | B4: ANDRE CHAMPAGNE PEACH MOSCATO | C4: =VLOOKUP(A4,SizeData!A$2:B$3839,2,FALSE) | D4: 4 | E4: R2084427 | F4: 45050
A5: 741200 | B5: ANDRE EXTRA DRY CHAMPAGNE | C5: =VLOOKUP(A5,SizeData!A$2:B$3839,2,FALSE) | D5: 4 | E5: R2079568 | F5: 45051
A6: 47548 | B6: ANSAC V S COGNAC | C6: =VLOOKUP(A6,SizeData!A$2:B$3839,2,FALSE) | D6: 2 | E6: R2088606 | F6: 45050
A7: 35083 | B7: ARISTOCRAT SUPREME VODKA | C7: =VLOOKUP(A7,SizeData!A$2:B$3839,2,FALSE) | D7: 1 | E7: R2079568 | F7: 45051
A8: 442562 | B8: BAREFOOT CELLARS RED MOSCATO CALIFORNIA | C8: =VLOOKUP(A8,SizeData!A$2:B$3839,2,FALSE) | D8: 1 | E8: R2079568 | F8: 45051
A9: 544109 | B9: BAREFOOT MOSCATO CALLIFORNIA | C9: =VLOOKUP(A9,SizeData!A$2:B$3839,2,FALSE) | D9: 1 | E9: R2079568 | F9: 45051
A10: 11788 | B10: BLACK VELVET | C10: =VLOOKUP(A10,SizeData!A$2:B$3839,2,FALSE) | D10: 1 | E10: R2084427 | F10: 45050
A11: 352440 | B11: BRICCO RIELLA MOSCATO D'ASTI | C11: =VLOOKUP(A11,SizeData!A$2:B$3839,2,FALSE) | D11: 2 | E11: R2086695 | F11: 45051
A12: 643820 | B12: BULLY HILL SWEET WALTER ROSE | C12: =VLOOKUP(A12,SizeData!A$2:B$3839,2,FALSE) | D12: 1 | E12: R2086695 | F12: 45051
A13: 35410 | B13: BURNETT'S 80 PROOF VODKA (PET) | C13: =VLOOKUP(A13,SizeData!A$2:B$3839,2,FALSE) | D13: 2 | E13: R2084427 | F13: 45050
A14: 12880 | B14: CANADIAN RICH & RARE (PET) | C14: =VLOOKUP(A14,SizeData!A$2:B$3839,2,FALSE) | D14: 3 | E14: R2084427 | F14: 45050
... A41: 498123 | B41: WOODBRIDGE BY ROBERT MONDAVI PINOT NOIR | C41: =VLOOKUP(A41,SizeData!A$2:B$3839,2,FALSE) | D41: 3 | E41: R2086695 | F41: 45051

Sheet  Pending Current
B1: =TODAY() | C1: Total | D1: =SUM(D3:D97257)
A2: Item # | B2: Name | C2: Size | D2: Reserved Quantity | E2: Order | F2: Date | G2: Notes
A3: 21236 | B3: 1792 SMALL BATCH BOURBON | C3: =VLOOKUP(A3,SizeData!A$2:B$3839,2,FALSE) | D3: 1 | E3: R2100722 | F3: 45054
A4: 64933 | B4: 1800 COCONUT FLAVORED TEQUILA | C4: =VLOOKUP(A4,SizeData!A$2:B$3839,2,FALSE) | D4: 4 | E4: R2087639 | F4: 45052
A5: 64932 | B5: 1800 COCONUT FLAVORED TEQUILA | C5: =VLOOKUP(A5,SizeData!A$2:B$3839,2,FALSE) | D5: 2 | E5: R2110019 | F5: 45057
A6: 89206 | B6: 1800 REPOSADO TEQUILA | C6: =VLOOKUP(A6,SizeData!A$2:B$3839,2,FALSE) | D6: 5 | E6: R2096156 | F6: 45055
A7: 87510 | B7: 1800 SILVER TEQUILA | C7: =VLOOKUP(A7,SizeData!A$2:B$3839,2,FALSE) | D7: 5 | E7: R2096156 | F7: 45055
A8: 84191 | B8: 99 BRAND BUTTERSCOTCH SCHNAPPS | C8: =VLOOKUP(A8,SizeData!A$2:B$3839,2,FALSE) | D8: 1 | E8: R2088667 | F8: 45058
A9: 84142 | B9: 99 BRAND PEACHES | C9: =VLOOKUP(A9,SizeData!A$2:B$3839,2,FALSE) | D9: 1 | E9: R2088667 | F9: 45058
A10: 87054 | B10: 99 BRAND PEANUT BUTTER WHISKEY | C10: =VLOOKUP(A10,SizeData!A$2:B$3839,2,FALSE) | D10: 1 | E10: R2088667 | F10: 45058
A11: 34003 | B11: ABSOLUT 80 VODKA | C11: =VLOOKUP(A11,SizeData!A$2:B$3839,2,FALSE) | D11: 1 | E11: R2098252 | F11: 45064
A12: 87027 | B12: ADICTIVO REPOSADO TEQUILA | C12: =VLOOKUP(A12,SizeData!A$2:B$3839,2,FALSE) | D12: 1 | E12: R2098904 | F12: 45056
A13: 741400 | B13: ANDRE CHAMPAGNE BRUT | C13: =VLOOKUP(A13,SizeData!A$2:B$3839,2,FALSE) | D13: 2 | E13: R2106288 | F13: 45059
A14: 768681 | B14: ANDRE CHAMPAGNE PEACH MOSCATO | C14: =VLOOKUP(A14,SizeData!A$2:B$3839,2,FALSE) | D14: 3 | E14: R2106288 | F14: 45059
... A245: 485433 | B245: MENAGE A TROIS HOT PINK SWEET ROSE COLLC | C245: =VLOOKUP(A245,SizeData!A$2:B$3839,2,FALSE) | D245: 1 | E245: R2121304 | F245: 45066

Sheet 2023
B1: =TODAY() | D1: =SUM(D2:D9997)
B2: Name | C2: Size | D2: Reserved Quantity | E2: Order | F2: Date | G2: Note
A3: 21236 | B3: 1792 SMALL BATCH BOURBON | C3: =VLOOKUP(A3,SizeData!A$2:B$3839,2,FALSE) | D3: 1 | E3: R1907721 | F3: 44908
A4: 21236 | B4: 1792 SMALL BATCH BOURBON | C4: =VLOOKUP(A4,SizeData!A$2:B$3839,2,FALSE) | D4: 1 | E4: R1939323 | F4: 44944
A5: 21236 | B5: 1792 SMALL BATCH BOURBON | C5: =VLOOKUP(A5,SizeData!A$2:B$3839,2,FALSE) | D5: 1 | E5: R1985201 | F5: 44963
A6: 21236 | B6: 1792 SMALL BATCH BOURBON | C6: =VLOOKUP(A6,SizeData!A$2:B$3839,2,FALSE) | D6: 1 | E6: R1998383 | F6: 44991
A7: 64933 | B7: 1800 COCONUT FLAVORED TEQUILA | C7: =VLOOKUP(A7,SizeData!A$2:B$3839,2,FALSE) | D7: 1 | E7: R1911462 | F7: 44917
A8: 64932 | B8: 1800 COCONUT FLAVORED TEQUILA | C8: =VLOOKUP(A8,SizeData!A$2:B$3839,2,FALSE) | D8: 1 | E8: R2062305 | F8: 45024
A9: 89204 | B9: 1800 REPOSADO TEQUILA | C9: =VLOOKUP(A9,SizeData!A$2:B$3839,2,FALSE) | D9: 1 | E9: R2016308 | F9: 44987
A10: 89206 | B10: 1800 REPOSADO TEQUILA | C10: =VLOOKUP(A10,SizeData!A$2:B$3839,2,FALSE) | D10: 1 | E10: R2020736 | F10: 44998
A11: 89208 | B11: 1800 REPOSADO TEQUILA | C11: =VLOOKUP(A11,SizeData!A$2:B$3839,2,FALSE) | D11: 3 | E11: R2051950 | F11: 45027
A12: 87564 | B12: 1800 SILVER | C12: =VLOOKUP(A12,SizeData!A$2:B$3839,2,FALSE) | D12: 3 | E12: R1951380 | F12: 44953
A13: 87564 | B13: 1800 SILVER | C13: =VLOOKUP(A13,SizeData!A$2:B$3839,2,FALSE) | D13: 2 | E13: R1961502 | F13: 44953
A14: 59185 | B14: 1800 ULTIMATE BLOOD ORANGE MARGARITA PET | C14: =VLOOKUP(A14,SizeData!A$2:B$3839,2,FALSE) | D14: 1 | E14: R1903667 | F14: 44915
... A97: 720850 | B97: ASTORIA SPARKLING MOSCATO | C97: =VLOOKUP(A97,SizeData!A$2:B$3839,2,FALSE) | D97: 2 | E97: R1911923 | F97: 44912
A98: 43124 | B98: Bacardi | C98: =VLOOKUP(A98,SizeData!A$2:B$3839,2,FALSE) | D98: 1
A99: 43034 | B99: BACARDI GOLD DARK RUM | C99: =VLOOKUP(A99,SizeData!A$2:B$3839,2,FALSE) | D99: 2 | E99: R1916440 | F99: 44916
A100: 82211 | B100: ARISTOCRAT PEACH SCHNAPPS | C100: =VLOOKUP(A100,SizeData!A$2:B$3839,2,FALSE) | D100: 1 | E100: R1972521 | F100: 44964
A101: 82211 | B101: ARISTOCRAT PEACH SCHNAPPS | C101: =VLOOKUP(A101,SizeData!A$2:B$3839,2,FALSE) | D101: 2 | E101: R2051950 | F101: 45027
A102: 35083 | B102: ARISTOCRAT SUPREME VODKA | C102: =VLOOKUP(A102,SizeData!A$2:B$3839,2,FALSE) | D102: 1 | E102: R1970895 | F102: 44961
A103: 35084 | B103: ARISTOCRAT SUPREME VODKA | C103: =VLOOKUP(A103,SizeData!A$2:B$3839,2,FALSE) | D103: 2 | E103: R1970895 | F103: 44961
A104: 35088 | B104: ARISTOCRAT SUPREME VODKA | C104: =VLOOKUP(A104,SizeData!A$2:B$3839,2,FALSE) | D104: 3 | E104: R1971458 | F104: 44961
A105: 43040 | B105: BACARDI GOLD DARK RUM (PET) | C105: =VLOOKUP(A105,SizeData!A$2:B$3839,2,FALSE) | D105: 4 | E105: R1916440 | F105: 44916
A106: 35088 | B106: ARISTOCRAT SUPREME VODKA | C106: =VLOOKUP(A106,SizeData!A$2:B$3839,2,FALSE) | D106: 1 | E106: R1992599 | F106: 44989
A107: 35084 | B107: ARISTOCRAT SUPREME VODKA | C107: =VLOOKUP(A107,SizeData!A$2:B$3839,2,FALSE) | D107: 1 | E107: R2062305 | F107: 45024
A108: 35084 | B108: ARISTOCRAT SUPREME VODKA | C108: =VLOOKUP(A108,SizeData!A$2:B$3839,2,FALSE) | D108: 1 | E108: R2056672 | F108: 45031
A109: 35083 | B109: ARISTOCRAT SUPREME VODKA | C109: =VLOOKUP(A109,SizeData!A$2:B$3839,2,FALSE) | D109: 1 | E109: R2073309 | F109: 45038
A110: 35088 | B110: ARISTOCRAT SUPREME VODKA | C110: =VLOOKUP(A110,SizeData!A$2:B$3839,2,FALSE) | D110: 2 | E110: R2082982 | F110: 45048
... A126: 43126 | B126: BACARDI LIGHT RUM | C126: =VLOOKUP(A126,SizeData!A$2:B$3839,2,FALSE) | D126: 1 | E126: R1949716 | F126: 44950
A127: 442562 | B127: BAREFOOT CELLARS RED MOSCATO CALIFORNIA | C127: =VLOOKUP(A127,SizeData!A$2:B$3839,2,FALSE) | D127: 2
A128: 43128 | B128: BACARDI LIGHT RUM | C128: =VLOOKUP(A128,SizeData!A$2:B$3839,2,FALSE) | D128: 1 | E128: R1957712 | F128: 44958
A129: 544110 | B129: BAREFOOT MOSCATO CALIFORNIA | C129: =VLOOKUP(A129,SizeData!A$2:B$3839,2,FALSE) | D129: 1 | E129: R1911923 | F129: 44912
A130: 43128 | B130: BACARDI LIGHT RUM | C130: =VLOOKUP(A130,SizeData!A$2:B$3839,2,FALSE) | D130: 2 | E130: R1985947 | F130: 44971
A131: 43128 | B131: BACARDI LIGHT RUM | C131: =VLOOKUP(A131,SizeData!A$2:B$3839,2,FALSE) | D131: 3 | E131: R1973788 | F131: 44972
A132: 43126 | B132: BACARDI LIGHT RUM | C132: =VLOOKUP(A132,SizeData!A$2:B$3839,2,FALSE) | D132: 5 | E132: R1992338 | F132: 44980
A133: 43124 | B133: BACARDI LIGHT RUM | C133: =VLOOKUP(A133,SizeData!A$2:B$3839,2,FALSE) | D133: 1 | E133: R2019856 | F133: 45005
A134: 43126 | B134: BACARDI LIGHT RUM | C134: =VLOOKUP(A134,SizeData!A$2:B$3839,2,FALSE) | D134: 3 | E134: R2083969 | F134: 45049
A135: 43136 | B135: BACARDI LIMON RUM SPECIALTY | C135: =VLOOKUP(A135,SizeData!A$2:B$3839,2,FALSE) | D135: 1 | E135: R1978112 | F135: 44972
A136: 768955 | B136: BALLATORE MOSCATO ROSE SPARKLING | C136: =VLOOKUP(A136,SizeData!A$2:B$3839,2,FALSE) | D136: 1 | E136: R1984929 | F136: 44980
A137: 642112 | B137: BAREFOOT PINK MOSCATO CALIFORNIA | C137: =VLOOKUP(A137,SizeData!A$2:B$3839,2,FALSE) | D137: 2 | E137: R1927120 | F137: 44924
A138: 768955 | B138: BALLATORE MOSCATO ROSE SPARKLING | C138: =VLOOKUP(A138,SizeData!A$2:B$3839,2,FALSE) | D138: 1 | E138: R2074828 | F138: 45045
A139: 769007 | B139: BAREFOOT BUBBLY PINK MOSCATO | C139: =VLOOKUP(A139,SizeData!A$2:B$3839,2,FALSE) | D139: 1 | E139: R2049198 | F139: 45028
... A142: 809132 | B142: BAREFOOT CELLARS PEACH FRUIT-SCATO | C142: =VLOOKUP(A142,SizeData!A$2:B$3839,2,FALSE) | D142: 1 | E142: R1939404 | F142: 44942
A143: 809132 | B143: BAREFOOT CELLARS PEACH FRUIT-SCATO | C143: =VLOOKUP(Warehouse!#REF!,SizeData!A$2:B$3839,2,FALSE) | D143: 2 | E143: R1938333 | F143: 44945
A144: 809132 | B144: BAREFOOT CELLARS PEACH FRUIT-SCATO | C144: =VLOOKUP(A144,SizeData!A$2:B$3839,2,FALSE) | D144: 2 | E144: R1966128 | F144: 44956
A145: 809132 | B145: BAREFOOT CELLARS PEACH FRUIT-SCATO | C145: =VLOOKUP(A145,SizeData!A$2:B$3839,2,FALSE) | D145: 1 | E145: R2062305 | F145: 45024
A146: 442562 | B146: BAREFOOT CELLARS RED MOSCATO CALIFORNIA | C146: =VLOOKUP(A146,SizeData!A$2:B$3839,2,FALSE) | D146: 2 | E146: R1924344 | F146: 44933
A147: 442562 | B147: BAREFOOT CELLARS RED MOSCATO CALIFORNIA | C147: =VLOOKUP(A147,SizeData!A$2:B$3839,2,FALSE) | D147: 1 | E147: R2022490 | F147: 45014
A148: 442563 | B148: BAREFOOT CELLARS RED MOSCATO CALIFORNIA | C148: =VLOOKUP(A148,SizeData!A$2:B$3839,2,FALSE) | D148: 2 | E148: R2078944 | F148: 45045
A149: 544110 | B149: BAREFOOT MOSCATO CALIFORNIA | C149: =VLOOKUP(A149,SizeData!A$2:B$3839,2,FALSE) | D149: 2 | E149: R1995714 | F149: 44972
A150: 544107 | B150: BAREFOOT MOSCATO CALIFORNIA (PET) | C150: =VLOOKUP(A150,SizeData!A$2:B$3839,2,FALSE) | D150: 1 | E150: R1922178 | F150: 44929
A151: 544107 | B151: BAREFOOT MOSCATO CALIFORNIA (PET) | C151: =VLOOKUP(A151,SizeData!A$2:B$3839,2,FALSE) | D151: 1 | E151: R1933022 | F151: 44942
A152: 544107 | B152: BAREFOOT MOSCATO CALIFORNIA (PET) | C152: =VLOOKUP(A152,SizeData!A$2:B$3839,2,FALSE) | D152: 1 | E152: R2027408 | F152: 45003
A153: 544107 | B153: BAREFOOT MOSCATO CALIFORNIA (PET) | C153: =VLOOKUP(A153,SizeData!A$2:B$3839,2,FALSE) | D153: 1 | E153: R2031201 | F153: 44999
A154: 544107 | B154: BAREFOOT MOSCATO CALIFORNIA (PET) | C154: =VLOOKUP(A154,SizeData!A$2:B$3839,2,FALSE) | D154: 1 | E154: R2027408 | F154: 45003
A155: 34163 | B155: BELVEDERE VODKA | C155: =VLOOKUP(A155,SizeData!A$2:B$3839,2,FALSE) | D155: 3 | E155: R1911923 | F155: 44912
... A288: 12478 | B288: CANADIAN MIST EASY-POUR (PET) | C288: =VLOOKUP(A288,SizeData!A$2:B$3839,2,FALSE) | D288: 6 | E288: R1999510 | F288: 44987
A289: 882307 | B289: CARLO ROSSI MOSCATO SANGRIA | C289: =VLOOKUP(A289,SizeData!A$2:B$3839,2,FALSE) | D289: 1
A290: 12478 | B290: CANADIAN MIST EASY-POUR (PET) | C290: =VLOOKUP(A290,SizeData!A$2:B$3839,2,FALSE) | D290: 1 | E290: R2022490 | F290: 45014
A291: 12888 | B291: CANADIAN RICH & RARE | C291: =VLOOKUP(A291,SizeData!A$2:B$3839,2,FALSE) | D291: 1 | E291: R1962631 | F291: 44959
A292: 882328 | B292: CARLO ROSSI PEACH SANGRIA | C292: =VLOOKUP(A292,SizeData!A$2:B$3839,2,FALSE) | D292: 2 | E292: R1903202 | F292: 44905
A293: 882328 | B293: CARLO ROSSI PEACH SANGRIA | C293: =VLOOKUP(A293,SizeData!A$2:B$3839,2,FALSE) | D293: 3 | E293: R1908206 | F293: 44908
A294: 882328 | B294: CARLO ROSSI PEACH SANGRIA | C294: =VLOOKUP(A294,SizeData!A$2:B$3839,2,FALSE) | D294: 3 | E294: R1913088 | F294: 44921
A295: 12888 | B295: CANADIAN RICH & RARE | C295: =VLOOKUP(A295,SizeData!A$2:B$3839,2,FALSE) | D295: 2 | E295: R1980359 | F295: 44965
A296: 12888 | B296: CANADIAN RICH & RARE | C296: =VLOOKUP(A296,SizeData!A$2:B$3839,2,FALSE) | D296: 2 | E296: R1995808 | F296: 44972
A297: 12888 | B297: CANADIAN RICH & RARE | C297: =VLOOKUP(A297,SizeData!A$2:B$3839,2,FALSE) | D297: 4 | E297: R2062305 | F297: 44931
A298: 882322 | B298: CARLO ROSSI PINEAPPLE SANGRIA | C298: =VLOOKUP(A298,SizeData!A$2:B$3839,2,FALSE) | D298: 1 | E298: R1908206 | F298: 44908
A299: 882322 | B299: CARLO ROSSI PINEAPPLE SANGRIA | C299: =VLOOKUP(A299,SizeData!A$2:B$3839,2,FALSE) | D299: 1 | E299: R1907823 | F299: 44908
A300: 882322 | B300: CARLO ROSSI PINEAPPLE SANGRIA | C300: =VLOOKUP(A300,SizeData!A$2:B$3839,2,FALSE) | D300: 2 | E300: R1913088 | F300: 44921
A301: 12888 | B301: CANADIAN RICH & RARE | C301: =VLOOKUP(A301,SizeData!A$2:B$3839,2,FALSE) | D301: 4 | E301: R2062305 | F301: 45024
... A838: 565371 | B838: FLIP FLOP CHARDONNAY | C838: =VLOOKUP(A838,SizeData!A$2:B$3839,2,FALSE) | D838: 3 | E838: R1926599 | F838: 44933
A839: 65188 | B839: HPNOTIQ VODKA & COGNAC LIQUEUR | C839: =VLOOKUP(A839,SizeData!A$2:B$3839,2,FALSE) | D839: 2
A840: 565371 | B840: FLIP FLOP CHARDONNAY | C840: =VLOOKUP(A840,SizeData!A$2:B$3839,2,FALSE) | D840: 3 | E840: R1960024 | F840: 44950
A841: 565371 | B841: FLIP FLOP CHARDONNAY | C841: =VLOOKUP(A841,SizeData!A$2:B$3839,2,FALSE) | D841: 1 | E841: R1991528 | F841: 44974
A842: 565371 | B842: FLIP FLOP CHARDONNAY | C842: =VLOOKUP(A842,SizeData!A$2:B$3839,2,FALSE) | D842: 1 | E842: R2028718 | F842: 45008
A843: 565371 | B843: FLIP FLOP CHARDONNAY | C843: =VLOOKUP(A843,SizeData!A$2:B$3839,2,FALSE) | D843: 2 | E843: R2022490 | F843: 45014
A844: 477852 | B844: J VINEYARDS PINOT NOIR MNTRY/SNMA/S BRBR | C844: =VLOOKUP(A844,SizeData!A$2:B$3839,2,FALSE) | D844: 1 | E844: R1907823 | F844: 44908
A845: 18352 | B845: FOUR ROSES KENTUCKY STRAIGHT BOURBON | C845: =VLOOKUP(A845,SizeData!A$2:B$3839,2,FALSE) | D845: 3 | E845: R1956061 | F845: 44956
A846: 18351 | B846: FOUR ROSES KENTUCKY STRAIGHT BOURBON | C846: =VLOOKUP(A846,SizeData!A$2:B$3839,2,FALSE) | D846: 2 | E846: R1967237 | F846: 44958
A847: 18348 | B847: FOUR ROSES SMALL BATCH KENTUCKY BOURBON | C847: =VLOOKUP(A847,SizeData!A$2:B$3839,2,FALSE) | D847: 1 | E847: R1928529 | F847: 44933
A848: 18348 | B848: FOUR ROSES SMALL BATCH KENTUCKY BOURBON | C848: =VLOOKUP(A848,SizeData!A$2:B$3839,2,FALSE) | D848: 1 | E848: R1967237 | F848: 44958
A849: 18348 | B849: FOUR ROSES SMALL BATCH KENTUCKY BOURBON | C849: =VLOOKUP(A849,SizeData!A$2:B$3839,2,FALSE) | D849: 1 | E849: R2001727 | F849: 44985
A850: 18376 | B850: FOUR ROSES SMALL BATCH SELECT BOURBON | C850: =VLOOKUP(A850,SizeData!A$2:B$3839,2,FALSE) | D850: 1 | E850: R2001727 | F850: 44985
A851: 886300 | B851: FRANZIA FRUITY RED SANGRIA | C851: =VLOOKUP(A851,SizeData!A$2:B$3839,2,FALSE) | D851: 1 | E851: R1946720 | F851: 44943
... A888: 26581 | B888: GENTLEMAN JACK | C888: =VLOOKUP(A888,SizeData!A$2:B$3839,2,FALSE) | D888: 1 | E888: R2010122 | F888: 44981
B889: JIM BEAM DEVIL'S CUT KENTUCKY STRAIGHT BOURBON | C889: =VLOOKUP(A889,SizeData!A$2:B$3839,2,FALSE) | D889: 1 | E889: R1917444 | F889: 44922
A890: 26589 | B890: GENTLEMAN JACK | C890: =VLOOKUP(A890,SizeData!A$2:B$3839,2,FALSE) | D890: 10 | E890: R1993597 | F890: 44985
A891: 26582 | B891: GENTLEMAN JACK | C891: =VLOOKUP(A891,SizeData!A$2:B$3839,2,FALSE) | D891: 1 | E891: R2049198 | F891: 45028
A892: 26585 | B892: GENTLEMAN JACK | C892: =VLOOKUP(A892,SizeData!A$2:B$3839,2,FALSE) | D892: 1 | E892: R2049198 | F892: 45028
A893: 26582 | B893: GENTLEMAN JACK | C893: =VLOOKUP(A893,SizeData!A$2:B$3839,2,FALSE) | D893: 1 | E893: R2083415 | F893: 45048
A894: 26585 | B894: GENTLEMAN JACK | C894: =VLOOKUP(A894,SizeData!A$2:B$3839,2,FALSE) | D894: 1 | E894: R2083415 | F894: 45048
A895: 19066 | B895: JIM BEAM STRAIGHT BOURBON WHISKEY | C895: =VLOOKUP(A895,SizeData!A$2:B$3839,2,FALSE) | D895: 1 | E895: R1901365 | F895: 44905
A896: 27326 | B896: GEORGIA MOON FRUIT JAR | C896: =VLOOKUP(A896,SizeData!A$2:B$3839,2,FALSE) | D896: 1 | E896: R2072241 | F896: 45035
A897: 27503 | B897: GEORGIA MOON IT'S PEACH (CORN WHISKEY) | C897: =VLOOKUP(A897,SizeData!A$2:B$3839,2,FALSE) | D897: 1 | E897: R2032001 | F897: 45000
A898: 5105 | B898: GLENMORANGIE QUINTA RUBAN SCOTCH | C898: =VLOOKUP(A898,SizeData!A$2:B$3839,2,FALSE) | D898: 2 | E898: R1939504 | F898: 44940
A899: 30316 | B899: GORDON'S LONDON DRY GIN | C899: =VLOOKUP(A899,SizeData!A$2:B$3839,2,FALSE) | D899: 1 | E899: R1985201 | F899: 44963
A900: 19064 | B900: JIM BEAM WHITE | C900: =VLOOKUP(A900,SizeData!A$2:B$3839,2,FALSE) | D900: 2 | E900: R1903667 | F900: 44915
A901: 19063 | B901: JIM BEAM WHITE | C901: =VLOOKUP(A901,SizeData!A$2:B$3839,2,FALSE) | D901: 1 | E901: R1927120 | F901: 44924
... A1305: 812810 | B1305: MD 20/20 BLUE RASPBERRY | C1305: =VLOOKUP(A1305,SizeData!A$2:B$3839,2,FALSE) | D1305: 2 | E1305: R1987221 | F1305: 44970
A1306: 88296 | B1306: PATRON SILVER TEQUILA | C1306: =VLOOKUP(A1306,SizeData!A$2:B$3839,2,FALSE) | D1306: 12
...

Sheet Bulk
D1: =SUM(D3:D475)
A2: Item # | B2: Name | C2: Size | D2: Reserved Quantity | E2: Order | F2: Date | G2: Note
A4: 48105 | B4: HENNESSY V S COGNAC | C4: =VLOOKUP(A4,SizeData!A$2:B$3839,2,FALSE) | D4: 100 | E4: R2101701 | F4: 45056
A5: 48105 | B5: HENNESSY V S COGNAC | C5: =VLOOKUP(A5,SizeData!A$2:B$3839,2,FALSE) | D5: 40 | E5: R2100821 | F5: 45056
A6: 429955 | B6: YELLOW TAIL CHARDONNAY SOUTH EASTERN AUST | C6: =VLOOKUP(A6,SizeData!A$2:B$3839,2,FALSE) | D6: 15 | E6: R2087862 | F6: 45051
A7: hello

Sheet Cancelled
A2: Item # | B2: Name | C2: Size | D2: Reserved Quantity | E2: Order | F2: Date | G2: Notes
A3: 48099 | B3: HENNESSY V S COGNAC | C3: =VLOOKUP(A3,SizeData!A$2:B$3839,2,FALSE) | D3: 9 | E3: R1834724 | F3: 44860
A4: 4725 | B4: CHIVAS REGAL (ROUND) | C4: =VLOOKUP(A4,SizeData!A$2:B$3839,2,FALSE) | D4: 2 | E4: R1837345 | F4: 44859
A5: 87725 | B5: GRAN CORAMINO CRISTALINO REPOSADO TEQUILA LTO | C5: =VLOOKUP(A5,SizeData!A$2:B$3839,2,FALSE) | D5: 5 | E5: R1850607 | F5: 44860
A6: 44486 | B6: CRUZAN ESTATE DARK RUM | C6: =VLOOKUP(A6,SizeData!A$2:B$3839,2,FALSE) | D6: 1 | E6: R1816996 | F6: 44859
A7: 43533 | B7: PLANTATION O.F.T.D OVERPROOF DARK RUM | C7: =VLOOKUP(A7,SizeData!A$2:B$3839,2,FALSE) | D7: 1 | E7: R1829977 | F7: 44861
A8: 552052 | B8: CARLO ROSSI CHARDONNAY | C8: =VLOOKUP(A8,SizeData!A$2:B$3839,2,FALSE) | D8: 1 | E8: R1829977 | F8: 44861
A9: 683326 | B9: SUTTER HOME PINK MOSCATO CALIFORNIA | C9: =VLOOKUP(A9,SizeData!A$2:B$3839,2,FALSE) | D9: 3 | E9: R1834547 | F9: 44861
A10: 5555 | B10: THE MACALLAN DOUBLE CASK 12Y HIGHLAND SINGLE MALT | C10: =VLOOKUP(A10,SizeData!A$2:B$3839,2,FALSE) | D10: 2 | E10: R1841287 | F10: 44861
A11: 44516 | B11: CRUZAN ESTATE LIGHT RUM | C11: =VLOOKUP(A11,SizeData!A$2:B$3839,2,FALSE) | D11: 2 | E11: R1834591 | F11: 44863
A12: 49376 | B12: SALIGNAC V S | C12: =VLOOKUP(A12,SizeData!A$2:B$3839,2,FALSE) | D12: 1 | E12: R1834591 | F12: 44863
A13: 51109 | B13: CIROC VS FRENCH BRANDY | C13: =VLOOKUP(A13,SizeData!A$2:B$3839,2,FALSE) | D13: 2 | E13: R1834591 | F13: 44863
A14: 87484 | B14: DON JULIO SILVER TEQUILA WHITE | C14: =VLOOKUP(A14,SizeData!A$2:B$3839,2,FALSE) | D14: 2 | E14: R1840965 | F14: 44863
... A409: 86851 | B409: OLE SMOKEY BLUE FLAME TENNESSEE MOONSHINE | C409: =VLOOKUP(A409,SizeData!A$2:B$3839,2,FALSE) | D409: 2 | E409: R2083415 | F409: 45048

Sheet 2022
D1: Total | F1: =SUM(D4:D8751)
A3: Item # | B3: Name | C3: Size | D3: Reserved Quantity | E3: Order | F3: Date | G3: Note | J3: Taaka 100 ml - 252 on Oct 1st | M3: Martell 375ml - 325 on Oct 6th | Q3: 42 HENNESSY 750ML ON 11/17/2022 FROM 36.99 SALE
A4: 302850 | B4: "DR" LOOSEN RIESLING "DR. L" | C4: =VLOOKUP(A4,SizeData!A$2:B$3839,2,FALSE) | D4: 1 | E4: R1761638 | F4: 44807
A5: 21236 | B5: 1792 SMALL BATCH BOURBON | C5: =VLOOKUP(A5,SizeData!A$2:B$3839,2,FALSE) | D5: 1 | E5: R1376605 | F5: 44544
A6: 21236 | B6: 1792 SMALL BATCH BOURBON | C6: =VLOOKUP(A6,SizeData!A$2:B$3839,2,FALSE) | D6: 1 | E6: R1413566 | F6: 44580
A7: 21236 | B7: 1792 SMALL BATCH BOURBON | C7: =VLOOKUP(A7,SizeData!A$2:B$3839,2,FALSE) | D7: 1 | E7: R1471479 | F7: 44614
A8: 21236 | B8: 1792 SMALL BATCH BOURBON | C8: =VLOOKUP(A8,SizeData!A$2:B$3839,2,FALSE) | D8: 1 | E8: R1512696 | F8: 44637
A9: 21236 | B9: 1792 SMALL BATCH BOURBON | C9: =VLOOKUP(A9,SizeData!A$2:B$3839,2,FALSE) | D9: 1 | E9: R1568544 | F9: 44669
A10: 21236 | B10: 1792 SMALL BATCH BOURBON | C10: =VLOOKUP(A10,SizeData!A$2:B$3839,2,FALSE) | D10: 1 | E10: R1624762 | F10: 44712
A11: 21236 | B11: 1792 SMALL BATCH BOURBON | C11: =VLOOKUP(A11,SizeData!A$2:B$3839,2,FALSE) | D11: 1 | E11: R1809877 | F11: 44851
A12: 59192 | B12: 1800 BLACK CHERRY ULTIMATE MARGARITA | C12: =VLOOKUP(A12,SizeData!A$2:B$3839,2,FALSE) | D12: 2 | E12: R1383976 | F12: 44561
A13: 59192 | B13: 1800 BLACK CHERRY ULTIMATE MARGARITA | C13: =VLOOKUP(A13,SizeData!A$2:B$3839,2,FALSE) | D13: 3 | E13: R1529670 | F13: 44652
A14: 59192 | B14: 1800 BLACK CHERRY ULTIMATE MARGARITA | C14: =VLOOKUP(A14,SizeData!A$2:B$3839,2,FALSE) | D14: 2 | E14: R1583381 | F14: 44679
A15: 59192 | B15: 1800 BLACK CHERRY ULTIMATE MARGARITA | C15: =VLOOKUP(A15,SizeData!A$2:B$3839,2,FALSE) | D15: 1 | E15: R1671975 | F15: 44742
... A670: 35417 | B670: BURNETT'S VODKA 80 PROOF | C670: =VLOOKUP(A670,SizeData!A$2:B$3839,2,FALSE) | D670: 4 | E670: R1660776 | F670: 44733
A671: 35417 | B671: BURNETT'S VODKA 80 PROOF | C671: =VLOOKUP(A671,SizeData!A$2:B$3839,2,FALSE) | D671: 12 | E671: R1766206 | F671: 44806 | G671: Weekly Average 2.3
A672: 35417 | B672: BURNETT'S VODKA 80 PROOF | C672: =VLOOKUP(A672,SizeData!A$2:B$3839,2,FALSE) | D672: 5 | E672: R1777984 | F672: 44826
A673: 35417 | B673: BURNETT'S VODKA 80 PROOF | C673: =VLOOKUP(A673,SizeData!A$2:B$3839,2,FALSE) | D673: 2 | E673: R1796778 | F673: 44834
A674: 35417 | B674: BURNETT'S VODKA 80 PROOF | C674: =VLOOKUP(A674,SizeData!A$2:B$3839,2,FALSE) | D674: 5 | E674: R1900430 | F674: 44896
A675: 35417 | B675: BURNETT'S VODKA 80 PROOF | C675: =VLOOKUP(A675,SizeData!A$2:B$3839,2,FALSE) | D675: 5 | E675: R1906202 | F675: 44902
A676: 35418 | B676: BURNETT'S VODKA 80 PROOF | C676: =VLOOKUP(A676,SizeData!A$2:B$3839,2,FALSE) | D676: 5 | E676: R1630969 | F676: 44711
A677: 35418 | B677: BURNETT'S VODKA 80 PROOF | C677: =VLOOKUP(A677,SizeData!A$2:B$3839,2,FALSE) | D677: 8 | E677: R1713939 | F677: 44779
A678: 35418 | B678: BURNETT'S VODKA 80 PROOF | C678: =VLOOKUP(A678,SizeData!A$2:B$3839,2,FALSE) | D678: 5 | E678: R1756377 | F678: 44804
A679: 35418 | B679: BURNETT'S VODKA 80 PROOF | C679: =VLOOKUP(A679,SizeData!A$2:B$3839,2,FALSE) | D679: 20 | E679: R1856308 | F679: 44867
A680: 35418 | B680: BURNETT'S VODKA 80 PROOF | C680: =VLOOKUP(A680,SizeData!A$2:B$3839,2,FALSE) | D680: 4 | E680: R1881344 | F680: 44893
A681: 35418 | B681: BURNETT'S VODKA 80 PROOF | C681: =VLOOKUP(A681,SizeData!A$2:B$3839,2,FALSE) | D681: 5 | E681: R1891609 | F681: 44895
A682: 35418 | B682: BURNETT'S VODKA 80 PROOF | C682: =VLOOKUP(A682,SizeData!A$2:B$3839,2,FALSE) | D682: 1 | E682: R1881344 | F682: 44893
A683: 42031 | B683: BURNETT'S WHIPPED CREAM FLAVORED VODKA | C683: =VLOOKUP(A683,SizeData!A$2:B$3839,2,FALSE) | D683: 2 | E683: R1436614 | F683: 44586
... A1313: 744200 | B1313: COOK'S BRUT CHAMPAGNE | C1313: =VLOOKUP(A1313,SizeData!A$2:B$3839,2,FALSE) | D1313: 2 | E1313: R1696453 | F1313: 44758
A1314: 744200 | B1314: COOK'S BRUT CHAMPAGNE | C1314: =VLOOKUP(A1314,SizeData!A$2:B$3839,2,FALSE) | D1314: 20 | E1314: 1059.6 | F1314: 44760
A1315: 744200 | B1315: COOK'S BRUT CHAMPAGNE | C1315: =VLOOKUP(A1315,SizeData!A$2:B$3839,2,FALSE) | D1315: 5 | E1315: R1684665 | F1315: 44765
A1316: 744205 | B1316: COOK'S BRUT CHAMPAGNE | C1316: =VLOOKUP(A1316,SizeData!A$2:B$3839,2,FALSE) | D1316: 5 | E1316: R1681159 | F1316: 44757
A1317: 744205 | B1317: COOK'S BRUT CHAMPAGNE | C1317: =VLOOKUP(A1317,SizeData!A$2:B$3839,2,FALSE) | D1317: 10 | E1317: R1695784 | F1317: 44760
A1318: 744205 | B1318: COOK'S BRUT CHAMPAGNE | C1318: =VLOOKUP(A1318,SizeData!A$2:B$3839,2,FALSE) | D1318: 8 | E1318: R1702988 | F1318: 44771
A1319: 744400 | B1319: COOK'S EXTRA DRY CHAMPAGNE | C1319: =VLOOKUP(A1319,SizeData!A$2:B$3839,2,FALSE) | D1319: 3 | E1319: R1681159 | F1319: 44757
A1320: 744400 | B1320: COOK'S EXTRA DRY CHAMPAGNE | C1320: =VLOOKUP(A1320,SizeData!A$2:B$3839,2,FALSE) | D1320: 10 | E1320: R1695784 | F1320: 44760
A1321: 744405 | B1321: COOK'S EXTRA DRY CHAMPAGNE | C1321: =VLOOKUP(A1321,SizeData!A$2:B$3839,2,FALSE) | D1321: 1 | E1321: R1572421 | F1321: 44667
A1322: 744405 | B1322: COOK'S EXTRA DRY CHAMPAGNE | C1322: =VLOOKUP(A1322,SizeData!A$2:B$3839,2,FALSE) | D1322: 1 | E1322: R1604328 | F1322: 44694
A1323: 744405 | B1323: COOK'S EXTRA DRY CHAMPAGNE | C1323: =VLOOKUP(A1323,SizeData!A$2:B$3839,2,FALSE) | D1323: 1 | E1323: R1679342 | F1323: 44753
A1324: 769925 | B1324: COOK'S SPUMANTE | C1324: =VLOOKUP(A1324,SizeData!A$2:B$3839,2,FALSE) | D1324: 1 | E1324: R1512696 | F1324: 44637
A1325: 769925 | B1325: COOK'S SPUMANTE | C1325: =VLOOKUP(A1325,SizeData!A$2:B$3839,2,FALSE) | D1325: 2 | E1325: R1518696 | F1325: 44643
A1326: 769925 | B1326: COOK'S SPUMANTE | C1326: =VLOOKUP(A1326,SizeData!A$2:B$3839,2,FALSE) | D1326: 1 | E1326: R1537124 | F1326: 44646
... A1420: 10805 | B1420: CROWN ROYAL REGAL APPLE FLAVORED WHISKEY | C1420: =VLOOKUP(A1420,SizeData!A$2:B$3839,2,FALSE) | D1420: 9 | E1420: R1567619 | F1420: 44663
A1421: 10805 | B1421: CROWN ROYAL REGAL APPLE FLAVORED WHISKEY | C1421: =VLOOKUP(A1421,SizeData!A$2:B$3839,2,FALSE) | D1421: 12 | E1421: R1572683 | F1421: 44671 | G1421: Delay 30-apr
A1422: 10805 | B1422: CROWN ROYAL REGAL APPLE FLAVORED WHISKEY | C1422: =VLOOKUP(A1422,SizeData!A$2:B$3839,2,FALSE) | D1422: 5 | E1422: R1572762 | F1422: 44677
A1423: 10805 | B1423: CROWN ROYAL REGAL APPLE FLAVORED WHISKEY | C1423: =VLOOKUP(A1423,SizeData!A$2:B$3839,2,FALSE) | D1423: 3 | E1423: R1816996 | F1423: 44859
A1424: 10805 | B1424: CROWN ROYAL REGAL APPLE FLAVORED WHISKEY | C1424: =VLOOKUP(A1424,SizeData!A$2:B$3839,2,FALSE) | D1424: 2 | E1424: R1841387 | F1424: 44869
A1425: 10805 | B1425: CROWN ROYAL REGAL APPLE FLAVORED WHISKEY | C1425: =VLOOKUP(A1425,SizeData!A$2:B$3839,2,FALSE) | D1425: 2 | E1425: R1906602 | F1425: 44902
A1426: 10807 | B1426: CROWN ROYAL REGAL APPLE FLAVORED WHISKEY | C1426: =VLOOKUP(A1426,SizeData!A$2:B$3839,2,FALSE) | D1426: 3 | E1426: R1442339 | F1426: 44592
A1427: 10807 | B1427: CROWN ROYAL REGAL APPLE FLAVORED WHISKEY | C1427: =VLOOKUP(A1427,SizeData!A$2:B$3839,2,FALSE) | D1427: 5 | E1427: R1473686 | F1427: 44620
A1428: 10807 | B1428: CROWN ROYAL REGAL APPLE FLAVORED WHISKEY | C1428: =VLOOKUP(A1428,SizeData!A$2:B$3839,2,FALSE) | D1428: 2 | E1428: R1614837 | F1428: 44702
A1429: 10807 | B1429: CROWN ROYAL REGAL APPLE FLAVORED WHISKEY | C1429: =VLOOKUP(A1429,SizeData!A$2:B$3839,2,FALSE) | D1429: 1 | E1429: R1677409 | F1429: 44746
A1430: 10807 | B1430: CROWN ROYAL REGAL APPLE FLAVORED WHISKEY | C1430: =VLOOKUP(A1430,SizeData!A$2:B$3839,2,FALSE) | D1430: 2 | E1430: R1683818 | F1430: 44754
A1431: 10807 | B1431: CROWN ROYAL REGAL APPLE FLAVORED WHISKEY | C1431: =VLOOKUP(A1431,SizeData!A$2:B$3839,2,FALSE) | D1431: 2 | E1431: R1751391 | F1431: 44805
A1432: 10807 | B1432: CROWN ROYAL REGAL APPLE FLAVORED WHISKEY | C1432: =VLOOKUP(A1432,SizeData!A$2:B$3839,2,FALSE) | D1432: 10 | E1432: R1761242 | F1432: 44806
A1433: 10807 | B1433: CROWN ROYAL REGAL APPLE FLAVORED WHISKEY | C1433: =VLOOKUP(A1433,SizeData!A$2:B$3839,2,FALSE) | D1433: 5 | E1433: R1781638 | F1433: 44824
... A3450: 89626 | B3450: PATRON REPOSADO TEQUILA | C3450: =VLOOKUP(A3450,SizeData!A$2:B$3839,2,FALSE) | D3450: 1 | E3450: R1765359 | F3450: 44810
A3451: 89626 | B3451: PATRON REPOSADO TEQUILA | C3451: =VLOOKUP(A3451,SizeData!A$2:B$3839,2,FALSE) | D3451: 3 | E3451: R1841934 | F3451: 44866 | G3451: 1.4 Case aveage a Month
A3452: 89626 | B3452: PATRON REPOSADO TEQUILA | C3452: =VLOOKUP(A3452,SizeData!A$2:B$3839,2,FALSE) | D3452: 5 | E3452: R1871415 | F3452: 44875
A3453: 88294 | B3453: PATRON SILVER TEQUILA | C3453: =VLOOKUP(A3453,SizeData!A$2:B$3839,2,FALSE) | D3453: 9 | E3453: R1383706 | F3453: 44552
A3454: 88294 | B3454: PATRON SILVER TEQUILA | C3454: =VLOOKUP(A3454,SizeData!A$2:B$3839,2,FALSE) | D3454: 10 | E3454: R1482404 | F3454: 44609
A3455: 88294 | B3455: PATRON SILVER TEQUILA | C3455: =VLOOKUP(A3455,SizeData!A$2:B$3839,2,FALSE) | D3455: 10 | E3455: R1488196 | F3455: 44628
A3456: 88294 | B3456: PATRON SILVER TEQUILA | C3456: =VLOOKUP(A3456,SizeData!A$2:B$3839,2,FALSE) | D3456: 10 | E3456: R1533349 | F3456: 44646
A3457: 88294 | B3457: PATRON SILVER TEQUILA | C3457: =VLOOKUP(A3457,SizeData!A$2:B$3839,2,FALSE) | D3457: 5 | E3457: R1548567 | F3457: 44653
A3458: 88294 | B3458: PATRON SILVER TEQUILA | C3458: =VLOOKUP(A3458,SizeData!A$2:B$3839,2,FALSE) | D3458: 3 | E3458: R1574781 | F3458: 44681
A3459: 88294 | B3459: PATRON SILVER TEQUILA | C3459: =VLOOKUP(A3459,SizeData!A$2:B$3839,2,FALSE) | D3459: 7 | E3459: R1604328 | F3459: 44694
A3460: 88294 | B3460: PATRON SILVER TEQUILA | C3460: =VLOOKUP(A3460,SizeData!A$2:B$3839,2,FALSE) | D3460: 5 | E3460: R1619359 | F3460: 44716
A3461: 88294 | B3461: PATRON SILVER TEQUILA | C3461: =VLOOKUP(A3461,SizeData!A$2:B$3839,2,FALSE) | D3461: 3 | E3461: R1661076 | F3461: 44734
A3462: 88294 | B3462: PATRON SILVER TEQUILA | C3462: =VLOOKUP(A3462,SizeData!A$2:B$3839,2,FALSE) | D3462: 3 | E3462: R1668920 | F3462: 44742
A3463: 88294 | B3463: PATRON SILVER TEQUILA | C3463: =VLOOKUP(A3463,SizeData!A$2:B$3839,2,FALSE) | D3463: 2 | E3463: R1677409 | F3463: 44746
... A3776: 37586 | B3776: RAIN VODKA | C3776: =VLOOKUP(A3776,SizeData!A$2:B$3839,2,FALSE) | D3776: 2 | E3776: R1383976 | F3776: 44561
A3777: 37586 | B3777: RAIN VODKA | C3777: =VLOOKUP(A3777,SizeData!A$2:B$3839,2,FALSE) | D3777: 1 | E3777: R1516281 | F3777: 44634 | K3777: R1798887 | L3777: Sonia | M3777: 14th
A3778: 37586 | B3778: RAIN VODKA | C3778: =VLOOKUP(A3778,SizeData!A$2:B$3839,2,FALSE) | D3778: 1 | E3778: R1900430 | F3778: 44896
A3779: 37588 | B3779: RAIN VODKA | C3779: =VLOOKUP(A3779,SizeData!A$2:B$3839,2,FALSE) | D3779: 1 | E3779: R1470632 | F3779: 44605
A3780: 37588 | B3780: RAIN VODKA | C3780: =VLOOKUP(A3780,SizeData!A$2:B$3839,2,FALSE) | D3780: 1 | E3780: R1472921 | F3780: 44613
A3781: 37588 | B3781: RAIN VODKA | C3781: =VLOOKUP(A3781,SizeData!A$2:B$3839,2,FALSE) | D3781: 2 | E3781: R1497382 | F3781: 44627
A3782: 37588 | B3782: RAIN VODKA | C3782: =VLOOKUP(A3782,SizeData!A$2:B$3839,2,FALSE) | D3782: 2 | E3782: R1567269 | F3782: 44667
A3783: 37588 | B3783: RAIN VODKA | C3783: =VLOOKUP(A3783,SizeData!A$2:B$3839,2,FALSE) | D3783: 1 | E3783: R1584253 | F3783: 44682
A3784: 37588 | B3784: RAIN VODKA | C3784: =VLOOKUP(A3784,SizeData!A$2:B$3839,2,FALSE) | D3784: 1 | E3784: R1596033 | F3784: 44683
A3785: 37588 | B3785: RAIN VODKA | C3785: =VLOOKUP(A3785,SizeData!A$2:B$3839,2,FALSE) | D3785: 2 | E3785: R1597736 | F3785: 44686
A3786: 37588 | B3786: RAIN VODKA | C3786: =VLOOKUP(A3786,SizeData!A$2:B$3839,2,FALSE) | D3786: 5 | E3786: R1622199 | F3786: 44707
A3787: 37588 | B3787: RAIN VODKA | C3787: =VLOOKUP(A3787,SizeData!A$2:B$3839,2,FALSE) | D3787: 5 | E3787: R1866301 | F3787: 44873
A3788: 37588 | B3788: RAIN VODKA | C3788: =VLOOKUP(A3788,SizeData!A$2:B$3839,2,FALSE) | D3788: 5 | E3788: R1873845 | F3788: 44888
A3789: 892843 | B3789: RANCHO LA GLORIA BLUEBERRY MARGARITA | C3789: =VLOOKUP(A3789,SizeData!A$2:B$3839,2,FALSE) | D3789: 9 | E3789: R1775209 | F3789: 44812
... A3792: 892843 | B3792: RANCHO LA GLORIA BLUEBERRY MARGARITA | C3792: =VLOOKUP(A3792,SizeData!A$2:B$3839,2,FALSE) | D3792: 1 | E3792: R1905562 | F3792: 44902
A3793: 892844 | B3793: RANCHO LA GLORIA BLUEBERRY MARGARITA | C3793: 750ml | D3793: 2 | E3793: R1852440 | F3793: 44867
A3794: 892850 | B3794: RANCHO LA GLORIA MARGARITA WINE COCKTAIL 12-750ML | C3794: =VLOOKUP(A3794,SizeData!A$2:B$3839,2,FALSE) | D3794: 1 | E3794: R1418605 | F3794: 44576
A3795: 892850 | B3795: RANCHO LA GLORIA MARGARITA WINE COCKTAIL 12-750ML | C3795: =VLOOKUP(A3795,SizeData!A$2:B$3839,2,FALSE) | D3795: 1 | E3795: R1478101 | F3795: 44610
A3796: 892850 | B3796: RANCHO LA GLORIA MARGARITA WINE COCKTAIL 12-750ML | C3796: =VLOOKUP(A3796,SizeData!A$2:B$3839,2,FALSE) | D3796: 1 | E3796: R1531250 | F3796: 44639
A3797: 892850 | B3797: RANCHO LA GLORIA MARGARITA WINE COCKTAIL 12-750ML | C3797: =VLOOKUP(A3797,SizeData!A$2:B$3839,2,FALSE) | D3797: 2 | E3797: R1569610 | F3797: 44669
A3798: 892850 | B3798: RANCHO LA GLORIA MARGARITA WINE COCKTAIL 12-750ML | C3798: =VLOOKUP(A3798,SizeData!A$2:B$3839,2,FALSE) | D3798: 1 | E3798: R1662835 | F3798: 44740
A3799: 892850 | B3799: RANCHO LA GLORIA MARGARITA WINE COCKTAIL 12-750ML | C3799: =VLOOKUP(A3799,SizeData!A$2:B$3839,2,FALSE) | D3799: 1 | E3799: R1698359 | F3799: 44765
A3800: 892850 | B3800: RANCHO LA GLORIA MARGARITA WINE COCKTAIL 12-750ML | C3800: =VLOOKUP(A3800,SizeData!A$2:B$3839,2,FALSE) | D3800: 1 | E3800: R1760203 | F3800: 44791
A3801: 892850 | B3801: RANCHO LA GLORIA MARGARITA WINE COCKTAIL 12-750ML | C3801: =VLOOKUP(A3801,SizeData!A$2:B$3839,2,FALSE) | D3801: 1 | E3801: R1747641 | F3801: 44800
A3802: 892850 | B3802: RANCHO LA GLORIA MARGARITA WINE COCKTAIL 12-750ML | C3802: =VLOOKUP(A3802,SizeData!A$2:B$3839,2,FALSE) | D3802: 1 | E3802: R1764571 | F3802: 44824
A3803: 892850 | B3803: RANCHO LA GLORIA MARGARITA WINE COCKTAIL 12-750ML | C3803: =VLOOKUP(A3803,SizeData!A$2:B$3839,2,FALSE) | D3803: 2 | E3803: R1798963 | F3803: 44844
A3804: 892854 | B3804: RANCHO LA GLORIA PEACH MARGARITA WINE COCKTAIL | C3804: =VLOOKUP(A3804,SizeData!A$2:B$3839,2,FALSE) | D3804: 4 | E3804: R1478101 | F3804: 44610
A3805: 892854 | B3805: RANCHO LA GLORIA PEACH MARGARITA WINE COCKTAIL | C3805: =VLOOKUP(A3805,SizeData!A$2:B$3839,2,FALSE) | D3805: 1 | E3805: R1569610 | F3805: 44669
... A4184: 37996 | B4184: SMIRNOFF 80 PROOF VODKA | C4184: =VLOOKUP(A4184,SizeData!A$2:B$3839,2,FALSE) | D4184: 1 | E4184: R1744939 | F4184: 44804
A4185: 38008 | B4185: SMIRNOFF 80 PROOF VODKA (PET) | C4185: =VLOOKUP(A4185,SizeData!A$2:B$3839,2,FALSE) | D4185: 8 | E4185: R1456927 | F4185: 44600 | G4185: Monthly Avg 4.4 cases according to year 21 and 22
...

Sheet 2021
D1: Total | F1: =SUM(D4:D8998)
A3: Item # | B3: Name | C3: Size | D3: Reserved Quantity | E3: Order | F3: Date | G3: Note
A4: 447 | B4: KNOB CREEK GLASS HOLIDAY GIFT | C4: =VLOOKUP(A4,SizeData!A$2:B$3839,2,FALSE) | D4: 3 | E4: R1283220 | F4: 44483
A5: 464 | B5: GN ORIGINAL 6 750ML(VAP) | C5: =VLOOKUP(A5,SizeData!A$2:B$3839,2,FALSE) | D5: 2 | E5: R1337036A | F5: 44541
A6: 1400 | B6: CROWN ROYAL W/2 STATE GLASSES | C6: =VLOOKUP(A6,SizeData!A$2:B$3839,2,FALSE) | D6: 10 | E6: R1305412 | F6: 44488
A7: 1400 | B7: CROWN ROYAL W/2 STATE GLASSES | C7: =VLOOKUP(A7,SizeData!A$2:B$3839,2,FALSE) | D7: 10 | E7: R1297436 | F7: 44494
A8: 4000 | B8: ABERFELDY 12 YR SINGLE MALT | C8: =VLOOKUP(A8,SizeData!A$2:B$3839,2,FALSE) | D8: 1 | E8: R1122623 | F8: 44331
A9: 4000 | B9: ABERFELDY 12 YR SINGLE MALT | C9: =VLOOKUP(A9,SizeData!A$2:B$3839,2,FALSE) | D9: 1 | E9: R1146432 | F9: 44356
A10: 4000 | B10: ABERFELDY 12 YR SINGLE MALT | C10: =VLOOKUP(A10,SizeData!A$2:B$3839,2,FALSE) | D10: 1 | E10: R1175279 | F10: 44382
A11: 4616 | B11: BUCHANANS 18YR OLD SPECIAL RESERVE | C11: =VLOOKUP(A11,SizeData!A$2:B$3839,2,FALSE) | D11: 1 | E11: R998330 | F11: 44207
A12: 4616 | B12: BUCHANANS 18YR OLD SPECIAL RESERVE | C12: =VLOOKUP(A12,SizeData!A$2:B$3839,2,FALSE) | D12: 1 | E12: R1094301 | F12: 44301
A13: 4616 | B13: BUCHANANS 18YR OLD SPECIAL RESERVE | C13: =VLOOKUP(A13,SizeData!A$2:B$3839,2,FALSE) | D13: 0 | E13: R1236687 | F13: 44448
A14: 4616 | B14: BUCHANANS 18YR OLD SPECIAL RESERVE | C14: =VLOOKUP(A14,SizeData!A$2:B$3839,2,FALSE) | D14: 2 | E14: R1337698 | F14: 44531
A15: 4626 | B15: BUCHANAN DELUXE 12YR SCOTCH | C15: =VLOOKUP(A15,SizeData!A$2:B$3839,2,FALSE) | D15: 4 | E15: R998330 | F15: 44207
... A353: 17958 | B353: EVAN WILLIAMS BLACK | C353: =VLOOKUP(A353,SizeData!A$2:B$3839,2,FALSE) | D353: 1 | E353: R1072840 | F353: 44286
A354: 17958 | B354: EVAN WILLIAMS BLACK | C354: =VLOOKUP(A354,SizeData!A$2:B$3839,2,FALSE) | D354: 4 | E354: R1228454 | F354: 44445 | G354: Out of 8
A355: 17958 | B355: EVAN WILLIAMS BLACK | C355: =VLOOKUP(A355,SizeData!A$2:B$3839,2,FALSE) | D355: 4 | E355: R1253502 | F355: 44460
A356: 18116 | B356: EVAN WILLIAMS BLACK PET | C356: =VLOOKUP(A356,SizeData!A$2:B$3839,2,FALSE) | D356: 1 | E356: R1346277 | F356: 44530
A357: 18196 | B357: EZRA BROOKS | C357: =VLOOKUP(A357,SizeData!A$2:B$3839,2,FALSE) | D357: 1 | E357: R1273155 | F357: 44480
A358: 18348 | B358: FOUR ROSES SMALL BATCH BOURBON | C358: =VLOOKUP(A358,SizeData!A$2:B$3839,2,FALSE) | D358: 1 | E358: R1066328 | F358: 44267
A359: 18351 | B359: FOUR ROSES BOURBON YELLOW LABEL | C359: =VLOOKUP(A359,SizeData!A$2:B$3839,2,FALSE) | D359: 1 | E359: R1154324 | F359: 44378
A360: 18351 | B360: FOUR ROSES BOURBON YELLOW LABEL | C360: =VLOOKUP(A360,SizeData!A$2:B$3839,2,FALSE) | D360: 2 | E360: R1170994 | F360: 44394
A361: 18352 | B361: FOUR ROSES BOURBON YELLOW LABEL | C361: =VLOOKUP(A361,SizeData!A$2:B$3839,2,FALSE) | D361: 1 | E361: R1106414 | F361: 44307
A362: 18352 | B362: FOUR ROSES BOURBON YELLOW LABEL | C362: =VLOOKUP(A362,SizeData!A$2:B$3839,2,FALSE) | D362: 1 | E362: R1099557 | F362: 44317
A363: 18352 | B363: FOUR ROSES BOURBON YELLOW LABEL | C363: =VLOOKUP(A363,SizeData!A$2:B$3839,2,FALSE) | D363: 2 | E363: R1200565 | F363: 44411
A364: 18352 | B364: FOUR ROSES BOURBON YELLOW LABEL | C364: =VLOOKUP(A364,SizeData!A$2:B$3839,2,FALSE) | D364: 1 | E364: R1296060 | F364: 44491
A365: 18352 | B365: FOUR ROSES BOURBON YELLOW LABEL | C365: =VLOOKUP(A365,SizeData!A$2:B$3839,2,FALSE) | D365: 0 | E365: R1301983 | F365: 44501
A366: 18352 | B366: FOUR ROSES BOURBON YELLOW LABEL | C366: =VLOOKUP(A366,SizeData!A$2:B$3839,2,FALSE) | D366: 3 | E366: R1314326 | F366: 44512
... A529: 25608 | B529: SEAGRAM'S 7 CROWN BLENDED WHISKEY | C529: =VLOOKUP(A529,SizeData!A$2:B$3839,2,FALSE) | D529: 20 | E529: R1075059 | F529: 44273
A530: 25608 | B530: SEAGRAM'S 7 CROWN BLENDED WHISKEY | C530: =VLOOKUP(A530,SizeData!A$2:B$3839,2,FALSE) | D530: 20 | F530: 44277
A531: 25603 | B531: SEAGRAM'S 7 CROWN BLENDED WHISKEY | C531: =VLOOKUP(A531,SizeData!A$2:B$3839,2,FALSE) | D531: 5 | E531: R1015412 | F531: 44215
A532: 25603 | B532: SEAGRAM'S 7 CROWN BLENDED WHISKEY | C532: =VLOOKUP(A532,SizeData!A$2:B$3839,2,FALSE) | D532: 2 | E532: R1060153 | F532: 44264
A533: 25603 | B533: SEAGRAM'S 7 CROWN BLENDED WHISKEY | C533: =VLOOKUP(A533,SizeData!A$2:B$3839,2,FALSE) | D533: 5 | E533: R1173019 | F533: 44391
A534: 25603 | B534: SEAGRAM'S 7 CROWN BLENDED WHISKEY | C534: =VLOOKUP(A534,SizeData!A$2:B$3839,2,FALSE) | D534: 2 | E534: R1251315 | F534: 44454
A535: 25603 | B535: SEAGRAM'S 7 CROWN BLENDED WHISKEY | C535: =VLOOKUP(A535,SizeData!A$2:B$3839,2,FALSE) | D535: 4 | E535: R1306609 | F535: 44495
A536: 25603 | B536: SEAGRAM'S 7 CROWN BLENDED WHISKEY | C536: =VLOOKUP(A536,SizeData!A$2:B$3839,2,FALSE) | D536: 5 | E536: R1340649 | F536: 44523
A537: 25604 | B537: SEAGRAM'S 7 CROWN BLENDED WHISKEY | C537: =VLOOKUP(A537,SizeData!A$2:B$3839,2,FALSE) | D537: 10 | E537: R997415 | F537: 44203
A538: 25604 | B538: SEAGRAM'S 7 CROWN BLENDED WHISKEY | C538: =VLOOKUP(A538,SizeData!A$2:B$3839,2,FALSE) | D538: 10 | E538: R1010284 | F538: 44217
A539: 25604 | B539: SEAGRAM'S 7 CROWN BLENDED WHISKEY | C539: =VLOOKUP(A539,SizeData!A$2:B$3839,2,FALSE) | D539: 10 | E539: R1038155 | F539: 44257
A540: 25604 | B540: SEAGRAM'S 7 CROWN BLENDED WHISKEY | C540: =VLOOKUP(A540,SizeData!A$2:B$3839,2,FALSE) | D540: 10 | E540: R1057200 | F540: 44278
A541: 25604 | B541: SEAGRAM'S 7 CROWN BLENDED WHISKEY | C541: =VLOOKUP(A541,SizeData!A$2:B$3839,2,FALSE) | D541: 1 | E541: R1087015 | F541: 44291
A542: 25604 | B542: SEAGRAM'S 7 CROWN BLENDED WHISKEY | C542: =VLOOKUP(A542,SizeData!A$2:B$3839,2,FALSE) | D542: 5 | E542: R1110509 | F542: 44306
... A948: 33709 | B948: EXCLUSIV VODKA | C948: =VLOOKUP(A948,SizeData!A$2:B$3839,2,FALSE) | D948: 1 | E948: R1224445 | F948: 44440
A949: 33709 | B949: EXCLUSIV VODKA | C949: =VLOOKUP(A949,SizeData!A$2:B$3839,2,FALSE) | D949: 0 | E949: R1230991 | F949: 44441 | G949: 1
A950: 33709 | B950: EXCLUSIV VODKA | C950: =VLOOKUP(A950,SizeData!A$2:B$3839,2,FALSE) | D950: 2 | E950: R1259313 | F950: 44467
A951: 33709 | B951: EXCLUSIV VODKA | C951: =VLOOKUP(A951,SizeData!A$2:B$3839,2,FALSE) | D951: 3 | E951: R1308357 | F951: 44504
A952: 33711 | B952: EXCLUSIV 4 BERRY FLAVORED VODKA | C952: =VLOOKUP(A952,SizeData!A$2:B$3839,2,FALSE) | D952: 1 | E952: R1072360 | F952: 44281
A953: 33711 | B953: EXCLUSIV 4 BERRY FLAVORED VODKA | C953: =VLOOKUP(A953,SizeData!A$2:B$3839,2,FALSE) | D953: 1 | E953: R1084456 | F953: 44301
A954: 33711 | B954: EXCLUSIV 4 BERRY FLAVORED VODKA | C954: =VLOOKUP(A954,SizeData!A$2:B$3839,2,FALSE) | D954: 1 | E954: R1101656 | F954: 44313
A955: 33711 | B955: EXCLUSIV 4 BERRY FLAVORED VODKA | C955: =VLOOKUP(A955,SizeData!A$2:B$3839,2,FALSE) | D955: 1 | E955: R1109381 | F955: 44331
A956: 33711 | B956: EXCLUSIV 4 BERRY FLAVORED VODKA | C956: =VLOOKUP(A956,SizeData!A$2:B$3839,2,FALSE) | D956: 1 | E956: R1137831 | F956: 44348
A957: 33711 | B957: EXCLUSIV 4 BERRY FLAVORED VODKA | C957: =VLOOKUP(A957,SizeData!A$2:B$3839,2,FALSE) | D957: 1 | E957: R1155060 | F957: 44357
A958: 33711 | B958: EXCLUSIV 4 BERRY FLAVORED VODKA | C958: =VLOOKUP(A958,SizeData!A$2:B$3839,2,FALSE) | D958: 1 | E958: R1161087 | F958: 44373
A959: 33711 | B959: EXCLUSIV 4 BERRY FLAVORED VODKA | C959: =VLOOKUP(A959,SizeData!A$2:B$3839,2,FALSE) | D959: 1 | E959: R1163539 | F959: 44378
A960: 33711 | B960: EXCLUSIV 4 BERRY FLAVORED VODKA | C960: =VLOOKUP(A960,SizeData!A$2:B$3839,2,FALSE) | D960: 2 | E960: R1169144 | F960: 44387
A961: 33711 | B961: EXCLUSIV 4 BERRY FLAVORED VODKA | C961: =VLOOKUP(A961,SizeData!A$2:B$3839,2,FALSE) | D961: 1 | E961: R1197185 | F961: 44412
... A1436: 38069 | B1436: TAAKA VODKA 80 | C1436: =VLOOKUP(A1436,SizeData!A$2:B$3839,2,FALSE) | D1436: 2 | E1436: R1000879 | F1436: 44211
A1437: 38069 | B1437: TAAKA VODKA 80 | C1437: =VLOOKUP(A1437,SizeData!A$2:B$3839,2,FALSE) | D1437: 100 | F1437: 44213
A1438: 38069 | B1438: TAAKA VODKA 80 | C1438: =VLOOKUP(A1438,SizeData!A$2:B$3839,2,FALSE) | D1438: 5 | E1438: R1002505 | F1438: 44214
A1439: 38069 | B1439: TAAKA VODKA 80 | C1439: =VLOOKUP(A1439,SizeData!A$2:B$3839,2,FALSE) | D1439: 3 | E1439: R1008717 | F1439: 44217
A1440: 38069 | B1440: TAAKA VODKA 80 | C1440: =VLOOKUP(A1440,SizeData!A$2:B$3839,2,FALSE) | D1440: 3 | E1440: R1008146 | F1440: 44222
A1441: 38069 | B1441: TAAKA VODKA 80 | C1441: =VLOOKUP(A1441,SizeData!A$2:B$3839,2,FALSE) | D1441: 3 | E1441: R1008979 | F1441: 44224
A1442: 38069 | B1442: TAAKA VODKA 80 | C1442: =VLOOKUP(A1442,SizeData!A$2:B$3839,2,FALSE) | D1442: 50 | E1442: R1013604 | F1442: 44226
A1443: 38069 | B1443: TAAKA VODKA 80 | C1443: =VLOOKUP(A1443,SizeData!A$2:B$3839,2,FALSE) | D1443: 100 | E1443: R1008979 | F1443: 44227
A1444: 38069 | B1444: TAAKA VODKA 80 | C1444: =VLOOKUP(A1444,SizeData!A$2:B$3839,2,FALSE) | D1444: 1 | E1444: R1031021 | F1444: 44229
A1445: 38069 | B1445: TAAKA VODKA 80 | C1445: =VLOOKUP(A1445,SizeData!A$2:B$3839,2,FALSE) | D1445: 25 | E1445: R1073167 | F1445: 44288
A1446: 38069 | B1446: TAAKA VODKA 80 | C1446: =VLOOKUP(A1446,SizeData!A$2:B$3839,2,FALSE) | D1446: 86 | E1446: R1077298 | F1446: 44290
A1447: 38069 | B1447: TAAKA VODKA 80 | C1447: =VLOOKUP(A1447,SizeData!A$2:B$3839,2,FALSE) | D1447: 2 | E1447: R1083528 | F1447: 44291
A1448: 38069 | B1448: TAAKA VODKA 80 | C1448: =VLOOKUP(A1448,SizeData!A$2:B$3839,2,FALSE) | D1448: 61 | E1448: R1078155 | F1448: 44293
A1449: 38069 | B1449: TAAKA VODKA 80 | C1449: =VLOOKUP(A1449,SizeData!A$2:B$3839,2,FALSE) | D1449: 25 | E1449: R1074898 | F1449: 44293
... A2305: 52582 | B2305: E & J SUPERIOR RESERVE VSOP BRANDY | C2305: =VLOOKUP(A2305,SizeData!A$2:B$3839,2,FALSE) | D2305: 2 | E2305: R1217867 | F2305: 44435
A2306: 52582 | B2306: E & J SUPERIOR RESERVE VSOP BRANDY | C2306: =VLOOKUP(A2306,SizeData!A$2:B$3839,2,FALSE) | D2306: 1 | E2306: R1230991 | F2306: 44441 | G2306: out of 2
A2307: 52582 | B2307: E & J SUPERIOR RESERVE VSOP BRANDY | C2307: =VLOOKUP(A2307,SizeData!A$2:B$3839,2,FALSE) | D2307: 0 | E2307: R1242289 | F2307: 44455
A2308: 52582 | B2308: E & J SUPERIOR RESERVE VSOP BRANDY | C2308: =VLOOKUP(A2308,SizeData!A$2:B$3839,2,FALSE) | D2308: 0 | E2308: R1275278 | F2308: 44478
A2309: 52582 | B2309: E & J SUPERIOR RESERVE VSOP BRANDY | C2309: =VLOOKUP(A2309,SizeData!A$2:B$3839,2,FALSE) | D2309: 0 | E2309: R1286225 | F2309: 44478
A2310: 52582 | B2310: E & J SUPERIOR RESERVE VSOP BRANDY | C2310: =VLOOKUP(A2310,SizeData!A$2:B$3839,2,FALSE) | D2310: 1 | E2310: R1301804 | F2310: 44492
A2311: 52582 | B2311: E & J SUPERIOR RESERVE VSOP BRANDY | C2311: =VLOOKUP(A2311,SizeData!A$2:B$3839,2,FALSE) | D2311: 2 | E2311: R1283487 | F2311: 44494
A2312: 52582 | B2312: E & J SUPERIOR RESERVE VSOP BRANDY | C2312: =VLOOKUP(A2312,SizeData!A$2:B$3839,2,FALSE) | D2312: 1 | E2312: R1300187 | F2312: 44494
A2313: 52582 | B2313: E & J SUPERIOR RESERVE VSOP BRANDY | C2313: =VLOOKUP(A2313,SizeData!A$2:B$3839,2,FALSE) | D2313: 2 | E2313: R1291275 | F2313: 44498
A2314: 52582 | B2314: E & J SUPERIOR RESERVE VSOP BRANDY | C2314: =VLOOKUP(A2314,SizeData!A$2:B$3839,2,FALSE) | D2314: 3 | E2314: R1334786 | F2314: 44529
A2315: 52584 | B2315: E & J SUPERIOR RESERVE VSOP BRANDY | C2315: =VLOOKUP(A2315,SizeData!A$2:B$3839,2,FALSE) | D2315: 1 | E2315: R1018402 | F2315: 44229
A2316: 52584 | B2316: E & J SUPERIOR RESERVE VSOP BRANDY | C2316: =VLOOKUP(A2316,SizeData!A$2:B$3839,2,FALSE) | D2316: 1 | E2316: R1029260 | F2316: 44240
A2317: 52584 | B2317: E & J SUPERIOR RESERVE VSOP BRANDY | C2317: =VLOOKUP(A2317,SizeData!A$2:B$3839,2,FALSE) | D2317: 1 | E2317: R1274548 | F2317: 44485
A2318: 52584 | B2318: E & J SUPERIOR RESERVE VSOP BRANDY | C2318: =VLOOKUP(A2318,SizeData!A$2:B$3839,2,FALSE) | D2318: 2 | E2318: R1328617 | F2318: 44517
... A2668: 58874 | B2668: JOSE CUERVO AUTHENTIC PINK LEMONADE | C2668: =VLOOKUP(A2668,SizeData!A$2:B$3839,2,FALSE) | D2668: 2 | E2668: R1126982 | F2668: 44338
A2669: 58874 | B2669: JOSE CUERVO AUTHENTIC PINK LEMONADE | C2669: =VLOOKUP(A2669,SizeData!A$2:B$3839,2,FALSE) | D2669: 1 | E2669: R1235270 | F2669: 44440 | G2669: Out of 2
A2670: 58874 | B2670: JOSE CUERVO AUTHENTIC PINK LEMONADE | C2670: =VLOOKUP(A2670,SizeData!A$2:B$3839,2,FALSE) | D2670: 2 | E2670: R1239466 | F2670: 44454
A2671: 58874 | B2671: JOSE CUERVO AUTHENTIC PINK LEMONADE | C2671: =VLOOKUP(A2671,SizeData!A$2:B$3839,2,FALSE) | D2671: 2 | E2671: R1341373 | F2671: 44531
A2672: 58875 | B2672: CUERVO GOLD MARGARITA | C2672: =VLOOKUP(A2672,SizeData!A$2:B$3839,2,FALSE) | D2672: 1 | E2672: R1016443 | F2672: 44226
A2673: 58875 | B2673: CUERVO GOLD MARGARITA | C2673: =VLOOKUP(A2673,SizeData!A$2:B$3839,2,FALSE) | D2673: 1 | E2673: R1074089 | F2673: 44288
A2674: 58875 | B2674: CUERVO GOLD MARGARITA | C2674: =VLOOKUP(A2674,SizeData!A$2:B$3839,2,FALSE) | D2674: 1 | E2674: R1099905 | F2674: 44310
A2675: 58875 | B2675: CUERVO GOLD MARGARITA | C2675: =VLOOKUP(A2675,SizeData!A$2:B$3839,2,FALSE) | D2675: 1 | E2675: R1137831 | F2675: 44348
A2676: 58875 | B2676: CUERVO GOLD MARGARITA | C2676: =VLOOKUP(A2676,SizeData!A$2:B$3839,2,FALSE) | D2676: 1 | E2676: R1206028 | F2676: 44417
A2677: 58875 | B2677: CUERVO GOLD MARGARITA | C2677: =VLOOKUP(A2677,SizeData!A$2:B$3839,2,FALSE) | D2677: 1 | E2677: R1264756 | F2677: 44472
A2678: 58875 | B2678: CUERVO GOLD MARGARITA | C2678: =VLOOKUP(A2678,SizeData!A$2:B$3839,2,FALSE) | D2678: 2 | E2678: R1274548 | F2678: 44485
A2679: 58876 | B2679: CUERVO GOLD MARGARITA | C2679: =VLOOKUP(A2679,SizeData!A$2:B$3839,2,FALSE) | D2679: 2 | E2679: R1132212 | F2679: 44342
A2680: 58876 | B2680: CUERVO GOLD MARGARITA | C2680: =VLOOKUP(A2680,SizeData!A$2:B$3839,2,FALSE) | D2680: 1 | E2680: R1171594 | F2680: 44392
A2681: 58876 | B2681: CUERVO GOLD MARGARITA | C2681: =VLOOKUP(A2681,SizeData!A$2:B$3839,2,FALSE) | D2681: 1 | E2681: R1301983 | F2681: 44501
... A2878: 64512 | B2878: CIROC APPLE | C2878: =VLOOKUP(A2878,SizeData!A$2:B$3839,2,FALSE) | D2878: 2 | E2878: R1094301 | F2878: 44301
A2879: 64512 | B2879: CIROC APPLE | C2879: =VLOOKUP(A2879,SizeData!A$2:B$3839,2,FALSE) | D2879: 2 | E2879: R1235270 | F2879: 44440 | G2879: Out of 5
...

Sheet Pending
B1: =TODAY() | C1: Total | D1: =SUM(D3:D1049)
A2: Item # | B2: Name | C2: Size | D2: Reserved Quantity | E2: Order | F2: Date | G2: Notes
A3: 21236 | B3: 1792 SMALL BATCH BOURBON | C3: =VLOOKUP(A3,SizeData!A$2:B$3839,2,FALSE) | D3: 1 | E3: R1893307 | F3: 44898
A4: 64933 | B4: 1800 COCONUT FLAVORED TEQUILA | C4: =VLOOKUP(A4,SizeData!A$2:B$3839,2,FALSE) | D4: 2 | E4: R1892170 | F4: 44902
A5: 87513 | B5: 1800 SILVER TEQUILA | C5: =VLOOKUP(A5,SizeData!A$2:B$3839,2,FALSE) | D5: 10 | E5: R1868085 | F5: 44890
A6: 671421 | B6: 19 CRIMES CALI ROSE | C6: =VLOOKUP(A6,SizeData!A$2:B$3839,2,FALSE) | D6: 1 | E6: R1900430 | F6: 44896
A7: 490692 | B7: 19 CRIMES MODERN CALI RED | C7: =VLOOKUP(A7,SizeData!A$2:B$3839,2,FALSE) | D7: 1 | E7: R1900430 | F7: 44896
A8: 490692 | B8: 19 CRIMES MODERN CALI RED | C8: =VLOOKUP(A8,SizeData!A$2:B$3839,2,FALSE) | D8: 2 | E8: R1890841 | F8: 44898
A9: 419952 | B9: 19 CRIMES RED WINE | C9: =VLOOKUP(A9,SizeData!A$2:B$3839,2,FALSE) | D9: 1 | E9: R1900430 | F9: 44896
A10: 419961 | B10: 19 CRIMES THE UPRISING RED WINE | C10: =VLOOKUP(A10,SizeData!A$2:B$3839,2,FALSE) | D10: 1 | E10: R1900430 | F10: 44896
A11: 419961 | B11: 19 CRIMES THE UPRISING RED WINE | C11: =VLOOKUP(A11,SizeData!A$2:B$3839,2,FALSE) | D11: 2 | E11: R1890841 | F11: 44898
A12: 84142 | B12: 99 BRAND PEACHES | C12: =VLOOKUP(A12,SizeData!A$2:B$3839,2,FALSE) | D12: 1 | E12: R1877599 | F12: 44896
A13: 34003 | B13: ABSOLUT 80 VODKA | C13: =VLOOKUP(A13,SizeData!A$2:B$3839,2,FALSE) | D13: 1 | E13: R1880771 | F13: 44895
A14: 34007 | B14: ABSOLUT 80 VODKA | C14: =VLOOKUP(A14,SizeData!A$2:B$3839,2,FALSE) | D14: 2 | E14: R1883576 | F14: 44895
... A403: 429982 | B403: YELLOW TAIL RIESLING | C403: =VLOOKUP(A403,SizeData!A$2:B$3839,2,FALSE) | D403: 2 | E403: R1880771 | F403: 44895

Sheet Special Order 2022
A1: Retail Order Id | B1: Created | C1: Item Code | D1: Name | E1: Units | F1: Retailer Case Cost | G1: Quantity | H1: Requested | I1: Reserved | J1: Filled | K1: Order Status | L1: Broker Name
A2: R1479383 | B2: 44617 | C2: 87508 | D2: 1800 SILVER TEQUILA | E2: 60 | F2: 124.9 | G2: 2 | H2: 2 | I2: 2 | J2: 2 | K2: Shipped | L2: RNDC-MAGNOLIA
A3: R1701939A | B3: 44776 | C3: 33757 | D3: ABSOLUT ELYX | E3: 6 | F3: 126.82 | G3: 1 | H3: 1 | I3: 1 | J3: 1 | K3: Shipped | L3: SOUTHERN GLAZER'S WINE AND SPIRITS OF MISSISSIPPI LLC
A4: R1701939A | B4: 44776 | C4: 36768 | D4: ABSOLUT GRAPEFRUIT FLAVORED VODKA | E4: 24 | F4: 122.07 | G4: 1 | H4: 1 | I4: 1 | J4: 1 | K4: Shipped | L4: SOUTHERN GLAZER'S WINE AND SPIRITS OF MISSISSIPPI LLC
A5: R1718636 | B5: 44777 | C5: 36685 | D5: ABSOLUT LIME FLAVORED VODKA | E5: 24 | F5: 122.07 | G5: 1 | H5: 1 | I5: 1 | J5: 1 | K5: Shipped | L5: SOUTHERN GLAZER'S WINE AND SPIRITS OF MISSISSIPPI LLC
A6: R1323780A | B6: 44600 | C6: 87033 | D6: ADICTIVO ANEJO TEQUILA | E6: 6 | F6: 299.96 | G6: 1 | H6: 1 | I6: 1 | J6: 1 | K6: Shipped | L6: RNDC-VINTAGE
A7: R1607323 | B7: 44690 | C7: 87031 | D7: ADICTIVO EXTRA ANEJO CRISTALINO TEQUILA | E7: 6 | F7: 485.57 | G7: 1 | H7: 1 | I7: 1 | J7: 1 | K7: Shipped | L7: RNDC-VINTAGE
A8: R1594555 | B8: 44694 | C8: 42082 | D8: ANGOSTURA 5 YEAR GOLD RUM TRINADAD | E8: 6 | F8: 111.67 | G8: 1 | H8: 1 | I8: 1 | J8: 1 | K8: Shipped | L8: SOUTHERN GLAZER'S WINE AND SPIRITS OF MISSISSIPPI LLC
A9: R1739999 | B9: 44799 | C9: 88827 | D9: AVION RESERVA 44 EXTRA ANEJO TEQUILA | E9: 4 | F9: 371.44 | G9: 1 | H9: 1 | I9: 1 | J9: 1 | K9: Shipped | L9: SOUTHERN GLAZER'S WINE AND SPIRITS OF MISSISSIPPI LLC
A10: R1595992 | B10: 44685 | C10: 87156 | D10: AVION RESERVA CRISTALINO | E10: 4 | F10: 462.5 | G10: 1 | H10: 1 | I10: 1 | J10: 1 | K10: Shipped | L10: SOUTHERN GLAZER'S WINE AND SPIRITS OF MISSISSIPPI LLC
A11: R1593524 | B11: 44683 | C11: 16659 | D11: BASIL HAYDEN SUBTLE SMOKE | E11: 6 | F11: 230.72 | G11: 1 | H11: 1 | I11: 1 | J11: 1 | K11: Shipped | L11: SOUTHERN GLAZER'S WINE AND SPIRITS OF MISSISSIPPI LLC
A12: R1411880 | B12: 44575 | C12: 16850 | D12: BLANTON SINGLE BARREL BOURBON | E12: 6 | F12: 277.88 | G12: 2 | H12: 2 | I12: 2 | J12: 2 | K12: Shipped | L12: RNDC-MAGNOLIA
A13: R1458823A | B13: 44615 | C13: 16850 | D13: BLANTON SINGLE BARREL BOURBON | E13: 6 | F13: 277.88 | G13: 1 | H13: 1 | I13: 1 | J13: 1 | K13: Shipped | L13: RNDC-MAGNOLIA
... A202: R1702727 | B202: 44767 | C202: 904346 | D202: WOODFORD RSV DBL OAKED PERSONAL SELECTION - JASCO | E202: 6 | F202: 308.41 | G202: 20 | H202: 20 | I202: 20 | J202: 20 | K202: Shipped | L202: UNITED JOHNSON BROTHERS OF MS
C203: 904347 | E203: 6853 | F203: 45654.83 | G203: 471 | H203: 471 | I203: 471 | J203: 463
C204: 904348
C205: 904349
C206: 904350
A207: 88738 | B207: TORADA WHITE TEQUILA | C207: 904351 | D207: 4 | E207: R1903748
A208: 89219 | B208: JOSE CUERVO TRADICIONAL REPOSADO | C208: 904352 | D208: 5 | E208: R1903748
A209: 89196 | B209: JOSE CUERVO ESPECIAL TEQUILA GOLD | C209: 904353 | D209: 5 | E209: R1903748
A210: 87402 | B210: JOSE CUERVO ESPECIAL SILVER | C210: 904354 | D210: 1 | E210: R1903748
A211: 84222 | B211: 99 BRAND BLUE RASPBERRIES | C211: 904355 | D211: 1 | E211: R1903748
A212: 84142 | B212: 99 BRAND PEACHES | C212: 904356 | D212: 1 | E212: R1903748
A213: 84172 | B213: 99 BRAND BANANAS SCHNAPPS | C213: 904357 | D213: 1 | E213: R1903748
A214: 49185 | B214: REMY MARTIN VSOP COGNAC (FLASK) | C214: 904358 | D214: 5 | E214: R1899553
A215: 49084 | B215: REMY MARTIN 1738 ACCORD ROYAL COGNAC | C215: 904359 | D215: 5 | E215: R1899553

Sheet All Products
B1: Item Code | C1: Name | D1: Size | E1: Available | F1: Reserved | G1: Units | H1: Case Cost | I1: Discount | J1: Split Bottle | K1: Bottle Cost | L1: Category | M1: Supplier Name | N1: Broker | O1: Availability Type | P1: SSCC Code | Q1: UPC Code | R1: Listing Date
A2: item code = | B2: 59854 | C2: HORNITOS STRAWBERRY TAMARIND MARGARITA | D2: 1.75L | E2: 18 | F2: 1 | G2: 6 | H2: 96.87 | I2: 0 | J2: False | K2: 0 | L2: COCKTAILS | M2: JIM BEAM BRANDS CO | N2: 040010-SOUTHERN GLAZERS WINE AND SPIRITS OF MISSISSIPPI LLC | P2: 10080686847028 | Q2: 080686847021 | R2: 44593
A3: or item code = | B3: 302850 | C3: "DR" LOOSEN RIESLING "DR. L" | D3: 750ml | E3: 104 | F3: 56 | G3: 12 | H3: 135.25 | I3: 0 | J3: False | K3: 0 | L3: RIESLING (WHITE/JOHANN) | M3: INTERNATIONAL WINES INC | N3: 040017-INTERNATIONAL WINES | P3: 00018310300001 | Q3: 0183103000013 | R3: 43525
A4: or item code = | B4: 21236 | C4: 1792 SMALL BATCH BOURBON | D4: 750ml | E4: 0 | F4: 4 | G4: 6 | H4: 143.04 | I4: 0 | J4: False | K4: 0 | L4: WHISKEY - STR BOURBON | M4: SAZERAC COMPANY | N4: 040010-SOUTHERN GLAZERS WINE AND SPIRITS OF MISSISSIPPI LLC | P4: 00881001000281 | Q4: 0080660001203 | R4: 42370
A5: or item code = | B5: 89230 | C5: 1800 ANEJO TEQUILA | D5: 750ml | E5: 32 | F5: 37 | G5: 6 | H5: 184.93 | I5: 0 | J5: False | K5: 0 | L5: TEQUILA | M5: PROXIMO SPIRITS INC | N5: 040002-RNDC-MAGNOLIA | P5: 10811538010037 | Q5: 811538010030 | R5: 44228
A6: or item code = | B6: 59192 | C6: 1800 BLACK CHERRY ULTIMATE MARGARITA PET | D6: 1.75L | E6: 0 | F6: 78 | G6: 6 | H6: 106.1 | I6: 0 | J6: False | K6: 0 | L6: TEQUILA | M6: PROXIMO SPIRITS INC | N6: 040002-RNDC-MAGNOLIA | P6: 10818844021412 | Q6: 818844021415 | R6: 44287
A7: or item code = | B7: 64932 | C7: 1800 COCONUT FLAVORED TEQUILA | D7: 375ml | E7: 57 | F7: 80 | G7: 12 | H7: 126.7 | I7: 0 | J7: False | K7: 0 | L7: TEQUILA | M7: PROXIMO SPIRITS INC | N7: 040002-RNDC-MAGNOLIA | P7: 20811538018115 | Q7: 0811538010368 | R7: 42370
A8: or item code = | B8: 64933 | C8: 1800 COCONUT FLAVORED TEQUILA | D8: 750ml | E8: 15 | F8: 21 | G8: 12 | H8: 273.7 | I8: 0 | J8: False | K8: 0 | L8: TEQUILA | M8: PROXIMO SPIRITS INC | N8: 040002-RNDC-MAGNOLIA | P8: 20811538010379 | Q8: 0811538010375 | R8: 42370
A9: or item code = | B9: 89206 | C9: 1800 REPOSADO TEQUILA | D9: 750ml | E9: 0 | F9: 0 | G9: 12 | H9: 282.82 | I9: 0 | J9: False | K9: 0 | L9: TEQUILA | M9: PROXIMO SPIRITS INC | N9: 040002-RNDC-MAGNOLIA | P9: 10818844022051 | Q9: 0811538010238 | R9: 42370
A10: or item code = | B10: 89204 | C10: 1800 REPOSADO TEQUILA | D10: 375ml | E10: 0 | F10: 4 | G10: 12 | H10: 130.92 | I10: 0 | J10: False | K10: 0 | L10: TEQUILA | M10: PROXIMO SPIRITS INC | N10: 040002-RNDC-MAGNOLIA | P10: 20811538019969 | Q10: 0811538010221 | R10: 42370
A11: or item code = | B11: 89208 | C11: 1800 REPOSADO TEQUILA | D11: 1.75L | E11: 1 | F11: 19 | G11: 6 | H11: 244.57 | I11: 0 | J11: False | K11: 0 | L11: TEQUILA | M11: PROXIMO SPIRITS INC | N11: 040002-RNDC-MAGNOLIA | P11: 10811538019993 | Q11: 0811538010252 | R11: 42370
A12: or item code = | B12: 87564 | C12: 1800 SILVER | D12: 100ml | E12: 0 | F12: 0 | G12: 48 | H12: 185.67 | I12: 0 | J12: False | K12: 0 | L12: TEQUILA | M12: PROXIMO SPIRITS INC | N12: 040002-RNDC-MAGNOLIA | P12: 30811538018242 | Q12: 811538018241 | R12: 44228
A13: or item code = | B13: 87513 | C13: 1800 SILVER TEQUILA | D13: 1.75L | E13: 170 | F13: 86 | G13: 6 | H13: 235.34 | I13: 0 | J13: False | K13: 0 | L13: TEQUILA | M13: PROXIMO SPIRITS INC | N13: 040002-RNDC-MAGNOLIA | P13: 10811538016855 | Q13: 811538010153 | R13: 42370
... A16: or item code = | B16: 87510 | C16: 1800 SILVER TEQUILA | D16: 750ml | E16: 0 | F16: 198 | G16: 12 | H16: 273.7 | I16: 0 | J16: False | K16: 0 | L16: TEQUILA | M16: PROXIMO SPIRITS INC | N16: 040002-RNDC-MAGNOLIA | P16: 20818844021938 | Q16: 0811538010139 | R16: 42370
A17: or item code = | B17: 59180 | C17: 1800 SPICY ULTIMATE MARGARITA | D17: 1.75L | E17: 39 | F17: 16 | G17: 6 | H17: 106.1 | I17: 0 | J17: False | K17: 0 | L17: COCKTAILS | M17: PROXIMO SPIRITS INC | N17: 040002-RNDC-MAGNOLIA | Q17: 811538014557 | R17: 43739
A18: or item code = | B18: 59185 | C18: 1800 ULTIMATE BLOOD ORANGE MARGARITA PET | D18: 1.75L | E18: 0 | F18: 15 | G18: 6 | H18: 106.1 | I18: 0 | J18: False | K18: 0 | L18: COCKTAILS | M18: PROXIMO SPIRITS INC | N18: 040002-RNDC-MAGNOLIA | P18: 10811538018958 | Q18: 811538018951 | R18: 43983
A19: or item code = | B19: 59182 | C19: 1800 ULTIMATE MANGO MARGARITA RTD PET | D19: 1.75L | E19: 0 | F19: 7 | G19: 6 | H19: 106.1 | I19: 0 | J19: False | K19: 0 | L19: COCKTAILS | M19: PROXIMO SPIRITS INC | N19: 040002-RNDC-MAGNOLIA | P19: 10811538018927 | Q19: 0811538018920 | R19: 43532
A20: or item code = | B20: 59154 | C20: 1800 ULTIMATE MARGARITA RTD | D20: 1.75L | E20: 192 | F20: 198 | G20: 6 | H20: 106.1 | I20: 0 | J20: False | K20: 0 | L20: COCKTAILS | M20: PROXIMO SPIRITS INC | N20: 040002-RNDC-MAGNOLIA | P20: 10811538019153 | Q20: 0811538019156 | R20: 42370
A21: or item code = | B21: 59161 | C21: 1800 ULTIMATE PEACH MARGARITA PET | D21: 1.75L | E21: 23 | F21: 213 | G21: 6 | H21: 106.1 | I21: 0 | J21: False | K21: 0 | L21: COCKTAILS | M21: PROXIMO SPIRITS INC | N21: 040002-RNDC-MAGNOLIA | Q21: 818844023150 | R21: 42370
A22: or item code = | B22: 59162 | C22: 1800 ULTIMATE PINEAPPLE MAR. | D22: 1.75L | E22: 0 | F22: 249 | G22: 6 | H22: 106.1 | I22: 0 | J22: False | K22: 0 | L22: COCKTAILS | M22: PROXIMO SPIRITS INC | N22: 040002-RNDC-MAGNOLIA | P22: 10811538010396 | Q22: 818844023167 | R22: 42370
A23: or item code = | B23: 59159 | C23: 1800 ULTIMATE RASPBERRY PET | D23: 1.75L | E23: 0 | F23: 59 | G23: 6 | H23: 106.1 | I23: 0 | J23: False | K23: 0 | L23: COCKTAILS | M23: PROXIMO SPIRITS INC | N23: 040002-RNDC-MAGNOLIA | P23: 10811538013816 | Q23: 0811538013819 | R23: 42538
A24: or item code = | B24: 59201 | C24: 1800 ULTIMATE STRAWBERRY MARGARITA RTD | D24: 1.75L | E24: 0 | F24: 96 | G24: 6 | H24: 106.1 | I24: 0 | J24: False | K24: 0 | L24: COCKTAILS | M24: PROXIMO SPIRITS INC | N24: 040002-RNDC-MAGNOLIA | P24: 10818844022778 | Q24: 818844022771 | R24: 44593
A25: or item code = | B25: 59163 | C25: 1800 WATERMELON RTD TEQUILA | D25: 1.75L | E25: 0 | F25: 9 | G25: 6 | H25: 106.1 | I25: 0 | J25: False | K25: 0 | L25: COCKTAILS | M25: PROXIMO SPIRITS INC | N25: 040002-RNDC-MAGNOLIA | Q25: 0811538016445 | R25: 43207
A26: or item code = | B26: 419951 | C26: 19 CRIMES CABERNET SAUVINGON | D26: 750ml | E26: 0 | F26: 23 | G26: 12 | H26: 96.44 | I26: 0 | J26: False | K26: 0 | L26: CABERNET SAUVIGNON | M26: TREASURY WINE ESTATES AMERICAS CO | N26: 040003-RNDC-VINTAGE | P26: 10012354001357 | Q26: 0012354001350 | R26: 42370
A27: or item code = | B27: 671421 | C27: 19 CRIMES CALI ROSE | D27: 750ml | E27: 44 | F27: 35 | G27: 12 | H27: 125.8 | I27: 0 | J27: False | K27: 0 | L27: RED WINE | M27: TREASURY WINE ESTATES AMERICAS CO | N27: 040003-RNDC-VINTAGE | Q27: 012354005006 | R27: 44348
A28: or item code = | B28: 419959 | C28: 19 CRIMES HARD CHARD CHARDONNAY | D28: 750ml | E28: 0 | F28: 19 | G28: 12 | H28: 96.45 | I28: 0 | J28: False | K28: 0 | L28: WHITE WINE | M28: TREASURY WINE ESTATES AMERICAS CO | N28: 040003-RNDC-VINTAGE | P28: 10012354001944 | Q28: 0012354001947 | R28: 43139
A29: or item code = | B29: 490692 | C29: 19 CRIMES MODERN CALI RED | D29: 750ml | E29: 0 | F29: 8 | G29: 12 | H29: 125.8 | I29: 0 | J29: False | K29: 0 | L29: RED WINE | M29: TREASURY WINE ESTATES AMERICAS CO | N29: 040003-RNDC-VINTAGE | P29: 00012354004771 | Q29: 012354004290 | R29: 44136
A30: or item code = | B30: 419952 | C30: 19 CRIMES RED WINE | D30: 750ml | E30: 0 | F30: 4 | G30: 12 | H30: 96.45 | I30: 0 | J30: False | K30: 0 | L30: RED WINE | M30: TREASURY WINE ESTATES AMERICAS CO | N30: 040003-RNDC-VINTAGE | P30: 10012354000992 | Q30: 0012354000995 | R30: 42370
A31: or item code = | B31: 419955 | C31: 19 CRIMES THE BANISHED RED WINE | D31: 750ml | E31: 0 | F31: 51 | G31: 12 | H31: 96.45 | I31: 0 | J31: False | K31: 0 | L31: RED WINE | M31: TREASURY WINE ESTATES AMERICAS CO | N31: 040003-RNDC-VINTAGE | P31: 10012354001685 | Q31: 0012354001688 | R31: 42808
A32: or item code = | B32: 419973 | C32: 19 CRIMES THE PUNISHMENT PINOT NOIR | D32: 750ml | E32: 0 | F32: 23 | G32: 12 | H32: 96.45 | I32: 0 | J32: False | K32: 0 | L32: RED WINE | M32: TREASURY WINE ESTATES AMERICAS CO | N32: 040003-RNDC-VINTAGE | P32: 10089819721440 | Q32: 089819721443 | R32: 43360
A33: or item code = | B33: 419961 | C33: 19 CRIMES THE UPRISING RED WINE | D33: 750ml | E33: 25 | F33: 73 | G33: 12 | H33: 96.45 | I33: 0 | J33: False | K33: 0 | L33: RED WINE | M33: TREASURY WINE ESTATES AMERICAS CO | N33: 040003-RNDC-VINTAGE | Q33: 0012354001930 | R33: 43139
A34: or item code = | B34: 41943 | C34: 360 GEORGIA PEACH FLAVORED VODKA | D34: 750ml | E34: 1 | F34: 36 | G34: 12 | H34: 125.92 | I34: 0 | J34: False | K34: 0 | L34: VODKA | M34: MCCORMICK DISTILLING COMPANY | N34: 040002-RNDC-MAGNOLIA | P34: 10085592142458 | Q34: 0085592142451 | R34: 42370
A35: or item code = | B35: 84170 | C35: 99 BRAND BANANAS | D35: 750ml | E35: 8 | F35: 26 | G35: 12 | H35: 150.37 | I35: 0 | J35: False | K35: 0 | L35: LIQUEURS AND CORDIALS | M35: SAZERAC COMPANY | N35: 040002-RNDC-MAGNOLIA | P35: 10089000990761 | Q35: 0080660620053 | R35: 42370
A36: or item code = | B36: 84172 | C36: 99 BRAND BANANAS SCHNAPPS | D36: 50ml | E36: 37 | F36: 81 | G36: 120 | H36: 80 | I36: 0 | J36: False | K36: 0 | L36: LIQUEURS AND CORDIALS | M36: SAZERAC COMPANY | N36: 040002-RNDC-MAGNOLIA | P36: 00080660620091 | Q36: 0080660620992 | R36: 42474
A37: or item code = | B37: 84222 | C37: 99 BRAND BLUE RASPBERRIES | D37: 50ml | E37: 157 | F37: 60 | G37: 120 | H37: 80 | I37: 0 | J37: False | K37: 0 | L37: LIQUEURS AND CORDIALS | M37: SAZERAC COMPANY | N37: 040002-RNDC-MAGNOLIA | P37: 10088004039667 | Q37: 0088004039660 | R37: 44228
A38: or item code = | B38: 84191 | C38: 99 BRAND BUTTERSCOTCH SCHNAPPS | D38: 50ml | E38: 75 | F38: 44 | G38: 120 | H38: 80 | I38: 0 | J38: False | K38: 0 | L38: LIQUEURS AND CORDIALS | M38: SAZERAC COMPANY | N38: 040002-RNDC-MAGNOLIA | P38: 10080660010110 | Q38: 0080660010113 | R38: 44044
A39: or item code = | B39: 84142 | C39: 99 BRAND PEACHES | D39: 50ml | E39: 72 | F39: 55 | G39: 120 | H39: 80 | I39: 0 | J39: False | K39: 0 | L39: LIQUEURS AND CORDIALS | M39: SAZERAC COMPANY | N39: 040002-RNDC-MAGNOLIA | P39: 10089000990617 | Q39: 089000990610 | R39: 42370
A40: or item code = | B40: 87054 | C40: 99 BRAND PEANUT BUTTER WHISKEY | D40: 50ml | E40: 34 | F40: 22 | G40: 120 | H40: 80 | I40: 0 | J40: False | K40: 0 | L40: WHISKEY - BLENDED | M40: SAZERAC COMPANY | N40: 040002-RNDC-MAGNOLIA | P40: 10088004038554 | Q40: 00088004038557 | R40: 44044
A41: or item code = | B41: 84226 | C41: 99 BRAND STRAWBERRIES | D41: 50ml | E41: 191 | F41: 61 | G41: 120 | H41: 80 | I41: 0 | J41: False | K41: 0 | L41: LIQUEURS AND CORDIALS | M41: SAZERAC COMPANY | N41: 040002-RNDC-MAGNOLIA | P41: 10088004039650 | Q41: 0088004039653 | R41: 44166
A42: or item code = | B42: 4000 | C42: ABERFELDY 12 YR SINGLE MALT SCOTCH WHISKEY | D42: 750ml | E42: 0 | F42: 9 | G42: 6 | H42: 212.25 | I42: 0 | J42: False | K42: 0 | L42: WHISKY - SCOTCH | M42: BACARDI USA INC | N42: 040010-SOUTHERN GLAZERS WINE AND SPIRITS OF MISSISSIPPI LLC | Q42: 0080480220006 | R42: 42370
A43: or item code = | B43: 34008 | C43: ABSOLUT 80 VODKA | D43: 1.75L | E43: 548 | F43: 206 | G43: 6 | H43: 194.03 | I43: 0 | J43: False | K43: 0 | L43: VODKA | M43: PERNOD RICARD USA LLC | N43: 040010-SOUTHERN GLAZERS WINE AND SPIRITS OF MISSISSIPPI LLC | P43: 10835229000602 | Q43: 0835229000605 | R43: 42370
A44: or item code = | B44: 34004 | C44: ABSOLUT 80 VODKA | D44: 375ml | E44: 0 | F44: 108 | G44: 24 | H44: 170.03 | I44: 17.14 | J44: False | K44: 0 | L44: VODKA | M44: PERNOD RICARD USA LLC | N44: 040010-SOUTHERN GLAZERS WINE AND SPIRITS OF MISSISSIPPI LLC | P44: 30835229000200 | Q44: 0835229000209 | R44: 42370
A45: or item code = | B45: 34001 | C45: ABSOLUT 80 VODKA | D45: 50ml | E45: 0 | F45: 52 | G45: 120 | H45: 165.23 | I45: 0 | J45: False | K45: 0 | L45: VODKA | M45: PERNOD RICARD USA LLC | N45: 040010-SOUTHERN GLAZERS WINE AND SPIRITS OF MISSISSIPPI LLC | P45: 40835229000009 | Q45: 7312040017058 | R45: 42370
A46: or item code = | B46: 34006 | C46: ABSOLUT 80 VODKA | D46: 750ml | E46: 456 | F46: 155 | G46: 12 | H46: 203.21 | I46: 0 | J46: False | K46: 0 | L46: VODKA | M46: PERNOD RICARD USA LLC | N46: 040010-SOUTHERN GLAZERS WINE AND SPIRITS OF MISSISSIPPI LLC | P46: 20835229000302 | Q46: 0835229000308 | R46: 42370
A47: or item code = | B47: 34007 | C47: ABSOLUT 80 VODKA | D47: 1L | E47: 168 | F47: 147 | G47: 12 | H47: 231.92 | I47: 0 | J47: False | K47: 0 | L47: VODKA | M47: PERNOD RICARD USA LLC | N47: 040010-SOUTHERN GLAZERS WINE AND SPIRITS OF MISSISSIPPI LLC | P47: 20835229000401 | Q47: 0835229000407 | R47: 42370
A48: or item code = | B48: 34003 | C48: ABSOLUT 80 VODKA | D48: 200ml | E48: 1 | F48: 42 | G48: 24 | H48: 104.08 | I48: 0 | J48: False | K48: 0 | L48: VODKA | M48: PERNOD RICARD USA LLC | N48: 040010-SOUTHERN GLAZERS WINE AND SPIRITS OF MISSISSIPPI LLC | P48: 80835229000106 | Q48: 0835229000100 | R48: 42370
A49: or item code = | B49: 87033 | C49: ADICTIVO ANEJO TEQUILA | D49: 750ml | E49: 8 | F49: 6 | G49: 6 | H49: 299.21 | I49: 0 | J49: False | K49: 0 | L49: TEQUILA | M49: THE MARSALLE COMPANY | N49: 040003-RNDC-VINTAGE | P49: 75004622143026 | Q49: 7500462214302 | R49: 44652
A50: or item code = | B50: 87029 | C50: ADICTIVO EXTRA ANEJO TEQUILA | D50: 750ml | E50: 50 | F50: 2 | G50: 6 | H50: 462.75 | I50: 0 | J50: False | K50: 0 | L50: TEQUILA | M50: THE MARSALLE COMPANY | N50: 040003-RNDC-VINTAGE | P50: 75004622143330 | Q50: 7500462214333 | R50: 44652
A51: or item code = | B51: 87025 | C51: ADICTIVO PLATA TEQUILA | D51: 750ml | E51: 30 | F51: 13 | G51: 6 | H51: 230.32 | I51: 0 | J51: False | K51: 0 | L51: TEQUILA | M51: THE MARSALLE COMPANY | N51: 040003-RNDC-VINTAGE | P51: 75004622143194 | Q51: 7500462214319 | R51: 44652
A52: or item code = | B52: 87027 | C52: ADICTIVO REPOSADO TEQUILA | D52: 750ml | E52: 0 | F52: 3 | G52: 6 | H52: 253.29 | I52: 0 | J52: False | K52: 0 | L52: TEQUILA | M52: THE MARSALLE COMPANY | N52: 040003-RNDC-VINTAGE | P52: 75004622143263 | Q52: 7500462214326 | R52: 44652
A53: or item code = | B53: 43078 | C53: ADMIRAL NELSON'S COCONUT FLAVORED RUM 42PF | D53: 1.75L | E53: 48 | F53: 13 | G53: 6 | H53: 83.04 | I53: 0 | J53: False | K53: 0 | L53: RUM | M53: HEAVEN HILL BRANDS | N53: 040010-SOUTHERN GLAZERS WINE AND SPIRITS OF MISSISSIPPI LLC | P53: 10096749086440 | Q53: 096749086443 | R53: 43131
A54: or item code = | B54: 43028 | C54: ADMIRAL NELSON'S SPICED RUM | D54: 1.75L | E54: 110 | F54: 49 | G54: 6 | H54: 83.04 | I54: 0 | J54: False | K54: 0 | L54: RUM | M54: HEAVEN HILL BRANDS | N54: 040010-SOUTHERN GLAZERS WINE AND SPIRITS OF MISSISSIPPI LLC | P54: 10096749086266 | Q54: 0096749086269 | R54: 42279
... A81: or item code = | B81: 441978 | C81: APOTHIC INFERNO RED BLEND CALIFORNIA | D81: 750ml | E81: 64 | F81: 76 | G81: 12 | H81: 141.35 | I81: 0 | J81: False | K81: 0 | L81: RED WINE | M81: E & J GALLO WINERY | N81: 040012-GALLO WINES OF MISSISSIPPI | P81: 30085000024905 | Q81: 085000024904 | R81: 43488
A82: or item code = | B82: 441988 | C82: APOTHIC MERLOT CALIFORNIA | D82: 750ml | E82: 48 | F82: 27 | G82: 12 | H82: 124.2 | I82: 0 | J82: False | K82: 0 | L82: RED WINE | M82: E & J GALLO WINERY | N82: 040012-GALLO WINES OF MISSISSIPPI | Q82: 085000032145 | R82: 44287
A83: or item code = | B83: 441976 | C83: APOTHIC WINEMAKER'S BLND:SHR/ZIN/MER CAL | D83: 750ml | E83: 253 | F83: 223 | G83: 12 | H83: 124.2 | I83: 0 | J83: False | K83: 0 | L83: RED WINE | M83: E & J GALLO WINERY | N83: 040012-GALLO WINES OF MISSISSIPPI | P83: 03008500001774 | Q83: 0085000017746 | R83: 42370
A84: or item code = | B84: 43801 | C84: APPLETON ESTATE RESERVE 8YR SINGLE ESTATE RUM | D84: 750ml | E84: 0 | F84: 2 | G84: 6 | H84: 148.87 | I84: 0 | J84: False | K84: 0 | L84: RUM | M84: CAMPARI ENTERPRISES, INC. | N84: 040010-SOUTHERN GLAZERS WINE AND SPIRITS OF MISSISSIPPI LLC | P84: 20636191207405 | Q84: 636191207401 | R84: 44228
A85: or item code = | B85: 43797 | C85: APPLETON ESTATE SIGNATURE SINGLE ESTATE RUM | D85: 750ml | E85: 0 | F85: 5 | G85: 12 | H85: 203.93 | I85: 0 | J85: False | K85: 0 | L85: RUM | M85: CAMPARI ENTERPRISES, INC. | N85: 040010-SOUTHERN GLAZERS WINE AND SPIRITS OF MISSISSIPPI LLC | Q85: 721059001502 | R85: 44293
A86: or item code = | B86: 43803 | C86: APPLETON RARE CASKS 12YR SINGLE ESTATE RUM | D86: 750ml | E86: 21 | F86: 14 | G86: 6 | H86: 204.66 | I86: 0 | J86: False | K86: 0 | L86: RUM | M86: CAMPARI ENTERPRISES, INC. | N86: 040010-SOUTHERN GLAZERS WINE AND SPIRITS OF MISSISSIPPI LLC | P86: 30721059001530 | Q86: 721059001557 | R86: 44228
A87: or item code = | B87: 29098 | C87: ARISTOCRAT GIN | D87: 1.75L | E87: 67 | F87: 51 | G87: 6 | H87: 69.19 | I87: 0 | J87: False | K87: 0 | L87: GIN | M87: HEAVEN HILL BRANDS | N87: 040010-SOUTHERN GLAZERS WINE AND SPIRITS OF MISSISSIPPI LLC | P87: 10096749084101 | Q87: 0096749084104 | R87: 42370
A88: or item code = | B88: 82211 | C88: ARISTOCRAT PEACH SCHNAPPS | D88: 1L | E88: 70 | F88: 34 | G88: 12 | H88: 59.93 | I88: 0 | J88: False | K88: 0 | L88: LIQUEURS AND CORDIALS | M88: HEAVEN HILL BRANDS | N88: 040010-SOUTHERN GLAZERS WINE AND SPIRITS OF MISSISSIPPI LLC | P88: 10096749088215 | Q88: 0096749088218 | R88: 42370
A89: or item code = | B89: 82212 | C89: ARISTOCRAT PEACH SCHNAPPS | D89: 1.75L | E89: 57 | F89: 17 | G89: 6 | H89: 55.48 | I89: 0 | J89: False | K89: 0 | L89: LIQUEURS AND CORDIALS | M89: HEAVEN HILL BRANDS | N89: 040010-SOUTHERN GLAZERS WINE AND SPIRITS OF MISSISSIPPI LLC | P89: 10096749088116 | Q89: 0096749088119 | R89: 42370
A90: or item code = | B90: 35088 | C90: ARISTOCRAT SUPREME VODKA | D90: 1.75L | E90: 1090 | F90: 613 | G90: 6 | H90: 59.97 | I90: 0 | J90: False | K90: 0 | L90: VODKA | M90: HEAVEN HILL BRANDS | N90: 040010-SOUTHERN GLAZERS WINE AND SPIRITS OF MISSISSIPPI LLC | P90: 10096749113108 | Q90: 0096749113101 | R90: 42370
A91: or item code = | B91: 35086 | C91: ARISTOCRAT SUPREME VODKA | D91: 750ml | E91: 132 | F91: 92 | G91: 12 | H91: 64.56 | I91: 0 | J91: False | K91: 0 | L91: VODKA | M91: HEAVEN HILL BRANDS | N91: 040010-SOUTHERN GLAZERS WINE AND SPIRITS OF MISSISSIPPI LLC | P91: 10096749113306 | Q91: 0096749113309 | R91: 42279
A92: or item code = | B92: 35084 | C92: ARISTOCRAT SUPREME VODKA | D92: 375ml | E92: 371 | F92: 95 | G92: 24 | H92: 64.52 | I92: 0 | J92: False | K92: 0 | L92: VODKA | M92: HEAVEN HILL BRANDS | N92: 040010-SOUTHERN GLAZERS WINE AND SPIRITS OF MISSISSIPPI LLC | P92: 10096749113603 | Q92: 0096749113606 | R92: 42370
A93: or item code = | B93: 35083 | C93: ARISTOCRAT SUPREME VODKA | D93: 200ml | E93: 185 | F93: 49 | G93: 48 | H93: 74.02 | I93: 0 | J93: False | K93: 0 | L93: VODKA | M93: HEAVEN HILL BRANDS | N93: 040010-SOUTHERN GLAZERS WINE AND SPIRITS OF MISSISSIPPI LLC | P93: 10096749113504 | Q93: 0096749113507 | R93: 42370
A94: or item code = | B94: 35085 | C94: ARISTOCRAT SUPREME VODKA (PET) | D94: 750ml | E94: 243 | F94: 57 | G94: 12 | H94: 64.56 | I94: 0 | J94: False | K94: 0 | L94: VODKA | M94: HEAVEN HILL BRANDS | N94: 040010-SOUTHERN GLAZERS WINE AND SPIRITS OF MISSISSIPPI LLC | P94: 10096749113702 | Q94: 0096749113705 | R94: 42370
A95: or item code = | B95: 720850 | C95: ASTORIA SPARKLING MOSCATO | D95: 750ml | E95: 62 | F95: 27 | G95: 12 | H95: 132.29 | I95: 0 | J95: False | K95: 0 | L95: SPRKLNG, CHMPGNE, ETC. | M95: PRESTIGE BEVERAGE GROUP | N95: 045041-UNITED JOHNSON BROTHERS OF MS | P95: 10084279980284 | Q95: 084279980287 | R95: 44287
A96: or item code = | B96: 87152 | C96: AVION SILVER TEQUILA | D96: 375ml | E96: 278 | F96: 53 | G96: 12 | H96: 173.58 | I96: 0 | J96: False | K96: 0 | L96: TEQUILA | M96: PERNOD RICARD USA LLC | N96: 040010-SOUTHERN GLAZERS WINE AND SPIRITS OF MISSISSIPPI LLC | P96: 10736040019968 | Q96: 0736040521884 | R96: 42758
A97: or item code = | B97: 100397 | C97: AVION SILVER TEQUILA W/TIN | D97: 750ml | E97: 1 | F97: 14 | G97: 6 | H97: 212.49 | I97: 0 | J97: False | K97: 0 | L97: TEQUILA | M97: PERNOD RICARD USA LLC | N97: 040010-SOUTHERN GLAZERS WINE AND SPIRITS OF MISSISSIPPI LLC | P97: 10080432112875 | Q97: 736040519348 | R97: 44256
... A163: or item code = | B163: 34155 | C163: BELVEDERE VODKA | D163: 750ml | E163: 1331 | F163: 65 | G163: 6 | H163: 137.73 | I163: 0 | J163: False | K163: 0 | L163: VODKA | M163: MOET HENNESSY USA | N163: 040010-SOUTHERN GLAZERS WINE AND SPIRITS OF MISSISSIPPI LLC | P163: 30087116069689 | Q163: 0087116069688 | R163: 42278
A164: or item code = | B164: 34154 | C164: BELVEDERE VODKA | D164: 375ml | E164: 94 | F164: 127 | G164: 12 | H164: 118.06 | I164: 24.07 | J164: False | K164: 0 | L164: VODKA | M164: MOET HENNESSY USA | N164: 040010-SOUTHERN GLAZERS WINE AND SPIRITS OF MISSISSIPPI LLC | Q164: 087116069657 | R164: 42370
A165: or item code = | B165: 21480 | C165: BENCHMARK STRAIGHT BOURBON | D165: 750ml | E165: 0 | F165: 16 | G165: 12 | H165: 119.91 | I165: 0 | J165: False | K165: 0 | L165: WHISKEY - STR BOURBON | M165: SAZERAC COMPANY | N165: 040002-RNDC-MAGNOLIA | P165: 10088004004108 | Q165: 0088004020842 | R165: 42370
A166: or item code = | B166: 21482 | C166: BENCHMARK STRAIGHT BOURBON (PET) | D166: 1.75L | E166: 0 | F166: 14 | G166: 6 | H166: 115.33 | I166: 0 | J166: False | K166: 0 | L166: WHISKEY - STR BOURBON | M166: SAZERAC COMPANY | N166: 040002-RNDC-MAGNOLIA | P166: 10088004020825 | Q166: 0088004020828 | R166: 42370
A167: or item code = | B167: 548562 | C167: BERINGER CALIF CHARDONNAY | D167: 1.5L | E167: 1 | F167: 4 | G167: 6 | H167: 60.26 | I167: 0 | J167: False | K167: 0 | L167: CHARDONNAY | M167: THE WINE GROUP LTD | N167: 040003-RNDC-VINTAGE | P167: 30089819543138 | Q167: 089819543137 | R167: 42278
A168: or item code = | B168: 548561 | C168: BERINGER CALIF CHARDONNAY (BONUS) | D168: 750ml | E168: 0 | F168: 16 | G168: 15 | H168: 79.64 | I168: 0 | J168: False | K168: 0 | L168: CHARDONNAY | M168: THE WINE GROUP LTD | N168: 040003-RNDC-VINTAGE | P168: 00089819002313 | Q168: 0089819001712 | R168: 42125
A169: or item code = | B169: 444232 | C169: BERINGER CALIF MERLOT | D169: 1.5L | E169: 40 | F169: 44 | G169: 6 | H169: 60.26 | I169: 0 | J169: False | K169: 0 | L169: MERLOT | M169: THE WINE GROUP LTD | N169: 040003-RNDC-VINTAGE | P169: 30089819543176 | Q169: 0089819543175 | R169: 42370
A170: or item code = | B170: 643040 | C170: BERINGER CALIF WH ZINFANDEL (BONUS) | D170: 750ml | E170: 0 | F170: 0 | G170: 15 | H170: 79.64 | I170: 0 | J170: False | K170: 0 | L170: WHITE ZINFANDEL | M170: THE WINE GROUP LTD | N170: 040003-RNDC-VINTAGE | P170: 20089819006520 | Q170: 089819006526 | R170: 42370
A171: or item code = | B171: 643035 | C171: BERINGER CALIF WHITE MERLOT | D171: 1.5L | E171: 128 | F171: 73 | G171: 6 | H171: 60.26 | I171: 0 | J171: False | K171: 0 | L171: ROSE / BLUSH WINE | M171: THE WINE GROUP LTD | N171: 040003-RNDC-VINTAGE | Q171: 0089819090303 | R171: 42278
A172: or item code = | B172: 643031 | C172: BERINGER CALIF WHITE MERLOT (BONUS) | D172: 750ml | E172: 29 | F172: 26 | G172: 15 | H172: 79.64 | I172: 0 | J172: False | K172: 0 | L172: ROSE / BLUSH WINE | M172: THE WINE GROUP LTD | N172: 040003-RNDC-VINTAGE | P172: 20089819101713 | Q172: 0089819090297 | R172: 42370
A173: or item code = | B173: 643041 | C173: BERINGER CALIF WHITE ZINFANDEL | D173: 1.5L | E173: 18 | F173: 148 | G173: 6 | H173: 60.26 | I173: 0 | J173: False | K173: 0 | L173: WHITE ZINFANDEL | M173: THE WINE GROUP LTD | N173: 040003-RNDC-VINTAGE | O173: Unavailable due to inventory issues | P173: 00008981903842 | Q173: 0089819038428 | R173: 42370
A174: or item code = | B174: 643050 | C174: BERINGER CALIF WHITE ZINFANDEL | D174: 750ml | E174: 0 | F174: 15 | G174: 12 | H174: 63.15 | I174: 0 | J174: False | K174: 0 | L174: WHITE ZINFANDEL | M174: THE WINE GROUP LTD | N174: 040003-RNDC-VINTAGE | P174: 10089819006523 | Q174: 0089819006526 | R174: 42370
A175: or item code = | B175: 445818 | C175: BERINGER MAIN & VINE CAB SAUV | D175: 1.5L | E175: 0 | F175: 2 | G175: 6 | H175: 60.26 | I175: 0 | J175: False | K175: 0 | L175: CABERNET SAUVIGNON | M175: THE WINE GROUP LTD | N175: 040003-RNDC-VINTAGE | P175: 89819543120000 | Q175: 089819543014 | R175: 44621
A176: or item code = | B176: 546630 | C176: BERINGER MAIN & VINE MOSCATO | D176: 1.5L | E176: 0 | F176: 0 | G176: 6 | H176: 60.26 | I176: 0 | J176: False | K176: 0 | L176: WHITE WINE | M176: THE WINE GROUP LTD | N176: 040003-RNDC-VINTAGE | Q176: 089819067244 | R176: 43500
A177: or item code = | B177: 643024 | C177: BERINGER MAIN & VINE PINK MOSCATO | D177: 1.5L | E177: 0 | F177: 22 | G177: 6 | H177: 60.26 | I177: 0 | J177: False | K177: 0 | L177: MOSCATO WHITE | M177: THE WINE GROUP LTD | N177: 040003-RNDC-VINTAGE | P177: 00000000643024 | Q177: 089819542550 | R177: 43325
A178: or item code = | B178: 445836 | C178: BERINGER MAIN & VINE RED MOSCATO | D178: 750ml | E178: 2 | F178: 24 | G178: 15 | H178: 79.64 | I178: 0 | J178: False | K178: 0 | L178: MOSCATO RED | M178: THE WINE GROUP LTD | N178: 040003-RNDC-VINTAGE | P178: 00000000445836 | Q178: 089819541874 | R178: 44593
A179: or item code = | B179: 445837 | C179: BERINGER MAIN & VINE RED MOSCATO | D179: 1.5L | E179: 0 | F179: 3 | G179: 6 | H179: 60.26 | I179: 0 | J179: False | K179: 0 | L179: MOSCATO RED | M179: THE WINE GROUP LTD | N179: 040003-RNDC-VINTAGE | P179: 00000000445837 | Q179: 089819541881 | R179: 43325
A180: or item code = | B180: 546437 | C180: BERINGER PINOT GRIGIO AMERICAN | D180: 1.5L | E180: 12 | F180: 27 | G180: 6 | H180: 60.26 | I180: 0 | J180: False | K180: 0 | L180: PINOT GRIS/PINOT GRIGIO | M180: THE WINE GROUP LTD | N180: 040003-RNDC-VINTAGE | P180: 89819760107000 | Q180: 0089819760107 | R180: 42370
A181: or item code = | B181: 445883 | C181: BERINGER WHITE ZINFANDEL MOSCATO | D181: 1.5L | E181: 0 | F181: 1 | G181: 6 | H181: 60.26 | I181: 0 | J181: False | K181: 0 | L181: ROSE / BLUSH WINE | M181: THE WINE GROUP LTD | N181: 040003-RNDC-VINTAGE | P181: 30089819543534 | Q181: 0089819543533 | R181: 42370
A182: or item code = | B182: 445882 | C182: BERINGER WHITE ZINFANDEL MOSCATO | D182: 750ml | E182: 24 | F182: 28 | G182: 15 | H182: 77.13 | I182: 0 | J182: False | K182: 0 | L182: ROSE / BLUSH WINE | M182: THE WINE GROUP LTD | N182: 040003-RNDC-VINTAGE | P182: 00089819543649 | Q182: 0089819543526 | R182: 42370
A183: or item code = | B183: 16814 | C183: BIB & TUCKER SMALL BATCH BOURBON WHISKEY | D183: 750ml | E183: 0 | F183: 13 | G183: 6 | H183: 237.49 | I183: 0 | J183: False | K183: 0 | L183: WHISKEY - STR BOURBON | M183: DEUTSCH FAMILY WINE & SPIRITS | N183: 040010-SOUTHERN GLAZERS WINE AND SPIRITS OF MISSISSIPPI LLC | P183: 10031259003549 | Q183: 0856442005000 | R183: 42370
A184: or item code = | B184: 27433 | C184: BIRD DOG PEACH FLAVORED WHISKEY | D184: 750ml | E184: 217 | F184: 81 | G184: 6 | H184: 82.91 | I184: 5.99 | J184: False | K184: 0 | L184: WHISKEY OTHER | M184: WESTERN SPIRITS BEVERAGE CO | N184: 040002-RNDC-MAGNOLIA | P184: 20812459010653 | Q184: 0812459010659 | R184: 42370
A185: or item code = | B185: 11788 | C185: BLACK VELVET | D185: 1.75L | E185: 142 | F185: 60 | G185: 6 | H185: 87.66 | I185: 0 | J185: False | K185: 0 | L185: WHISKY - CANANDIAN | M185: HEAVEN HILL BRANDS | N185: 040010-SOUTHERN GLAZERS WINE AND SPIRITS OF MISSISSIPPI LLC | P185: 10096749003041 | Q185: 096749003044 | R185: 43770
A186: or item code = | B186: 11588 | C186: BLACK VELVET RESERVE PREMIUM SIPPING | D186: 1.75L | E186: 50 | F186: 6 | G186: 6 | H186: 115.35 | I186: 0 | J186: False | K186: 0 | L186: WHISKY - CANANDIAN | M186: HEAVEN HILL BRANDS | N186: 040010-SOUTHERN GLAZERS WINE AND SPIRITS OF MISSISSIPPI LLC | P186: 10096749003256 | Q186: 096749003259 | R186: 44228
A187: or item code = | B187: 445040 | C187: BOGLE MERLOT | D187: 750ml | E187: 14 | F187: 53 | G187: 12 | H187: 112.89 | I187: 0 | J187: False | K187: 0 | L187: MERLOT | M187: BOGLE VINEYARDS | N187: 040010-SOUTHERN GLAZERS WINE AND SPIRITS OF MISSISSIPPI LLC | P187: 10080887493789 | Q187: 0080887493782 | R187: 42279
A188: or item code = | B188: 28210 | C188: BOMBAY SAPPHIRE EAST GIN | D188: 750ml | E188: 0 | F188: 12 | G188: 12 | H188: 222.98 | I188: 0 | J188: False | K188: 0 | L188: GIN | M188: BACARDI USA INC | N188: 040010-SOUTHERN GLAZERS WINE AND SPIRITS OF MISSISSIPPI LLC | P188: 10080480002111 | Q188: 0080480002114 | R188: 42370
... A192: or item code = | B192: 47647 | C192: BRANSON VSOP ROYAL COGNAC | D192: 750ml | E192: 151 | F192: 3 | G192: 6 | H192: 290.19 | I192: 0 | J192: False | K192: 0 | L192: COGNAC, ARMAGNAC | M192: SHAW-ROSS INTERNATIONAL IMPORT | N192: 040010-SOUTHERN GLAZERS WINE AND SPIRITS OF MISSISSIPPI LLC | P192: 10088320300267 | Q192: 088320300260 | R192: 44409
A193: or item code = | B193: 352440 | C193: BRICCO RIELLA MOSCATO D'ASTI | D193: 750ml | E193: 90 | F193: 30 | G193: 12 | H193: 131.82 | I193: 0 | J193: False | K193: 0 | L193: DESSERT WINES - OTHER | M193: HENDRY PREMIUM IMPORTS INC | N193: 040005-STEVE TONORE & ASSOCIATES | Q193: 0855380003017 | R193: 43600
A194: or item code = | B194: 37061 | C194: BROKEN SHED VODKA (NEW ZEALAND) | D194: 750ml | E194: 146 | F194: 32 | G194: 6 | H194: 111.07 | I194: 0 | J194: False | K194: 0 | L194: VODKA | M194: MHW LTD | N194: 040002-RNDC-MAGNOLIA | P194: 00859071002044 | Q194: 859071002006 | R194: 43800
A195: or item code = | B195: 4626 | C195: BUCHANAN DELUXE 12YR SCOTCH | D195: 750ml | E195: 0 | F195: 49 | G195: 12 | H195: 351.39 | I195: 0 | J195: False | K195: 0 | L195: WHISKY - SCOTCH | M195: DIAGEO AMERICAS INC | N195: 040010-SOUTHERN GLAZERS WINE AND SPIRITS OF MISSISSIPPI LLC | P195: 00088076114876 | Q195: 0088110955328 | R195: 42370
A196: or item code = | B196: 4616 | C196: BUCHANANS 18YR OLD SPECIAL RESERVE | D196: 750ml | E196: 0 | F196: 6 | G196: 6 | H196: 372.69 | I196: 0 | J196: False | K196: 0 | L196: WHISKY - SCOTCH | M196: DIAGEO AMERICAS INC | N196: 040010-SOUTHERN GLAZERS WINE AND SPIRITS OF MISSISSIPPI LLC | P196: 00088076152267 | Q196: 0088110955342 | R196: 42278
...

Sheet Sheet1
A1: Item # | B1: Name | C1: Size | D1: Reserved Quantity | E1: Order | F1: Date | G1: Note
A2: 35418 | B2: BURNETT'S VODKA 80 PROOF | C2: =VLOOKUP(A2,SizeData!A$2:B$3839,2,FALSE) | D2: 20 | E2: R1870929 | F2: 44879
A3: 93566 | B3: TAYLOR N Y PORT | C3: =VLOOKUP(A3,SizeData!A$2:B$3839,2,FALSE) | D3: 20 | E3: R1870929 | F3: 44879
A4: 53214 | B4: PAUL MASSON GRANDE AMBER BRANDY | C4: =VLOOKUP(A4,SizeData!A$2:B$3839,2,FALSE) | D4: 20 | E4: R1870929 | F4: 44879
A5: 63319 | B5: ON THE ROCKS EFFEN COSMOPOLITAN | C5: =VLOOKUP(A5,SizeData!A$2:B$3839,2,FALSE) | D5: 60 | E5: R1870929 | F5: 44879
A6: 63321 | B6: ON THE ROCKS HORINITOS MARGARITA | C6: =VLOOKUP(A6,SizeData!A$2:B$3839,2,FALSE) | D6: 30 | E6: R1870929 | F6: 44879

Sheet Special Order 2021
A1: Retail Order Id | B1: Created | C1: Item Code | D1: Name | E1: Units | F1: Retailer Case Cost | G1: Quantity | H1: Requested | I1: Reserved | J1: Filled | K1: Order Status
A2: R1019736A | B2: 44266 | C2: 59192 | D2: 1800 BLACK CHERRY ULTIMATE MARGARITA | E2: 6 | F2: 106.81 | G2: 1 | H2: 1 | I2: 1 | J2: 1 | K2: Shipped
A3: R1128492 | B3: 44351 | C3: 89695 | D3: 1800 NUEVO MILENIO | E3: 3 | F3: 507.5 | G3: 1 | H3: 1 | I3: 1 | J3: 1 | K3: Shipped
A4: R1004582 | B4: 44229 | C4: 671421 | D4: 19 CRIMES CALI ROSE | E4: 12 | F4: 106.56 | G4: 15 | H4: 15 | I4: 15 | J4: 15 | K4: Shipped
A5: R1264384 | B5: 44481 | C5: 81124 | D5: 99 BRAND PEPPERMINT | E5: 120 | F5: 79.2 | G5: 1 | H5: 1 | I5: 1 | J5: 1 | K5: Shipped
A6: R990101A | B6: 44224 | C6: 36768 | D6: ABSOLUT GRAPEFRUIT FLAVORED VODKA | E6: 24 | F6: 119.82 | G6: 1 | H6: 1 | I6: 1 | J6: 1 | K6: Shipped
A7: R1047542C | B7: 44314 | C7: 36768 | D7: ABSOLUT GRAPEFRUIT FLAVORED VODKA | E7: 24 | F7: 119.82 | G7: 1 | H7: 1 | I7: 1 | J7: 1 | K7: Shipped
A8: R990101A | B8: 44224 | C8: 64013 | D8: ABSOLUT JUICE STRAWBERRY EDITION | E8: 24 | F8: 119.82 | G8: 1 | H8: 1 | I8: 1 | J8: 1 | K8: Shipped
A9: R1047542A | B9: 44302 | C9: 64013 | D9: ABSOLUT JUICE STRAWBERRY EDITION | E9: 24 | F9: 119.82 | G9: 2 | H9: 2 | I9: 2 | J9: 2 | K9: Shipped
A10: R990101A | B10: 44224 | C10: 36685 | D10: ABSOLUT LIME FLAVORED VODKA | E10: 24 | F10: 119.82 | G10: 1 | H10: 1 | I10: 1 | J10: 1 | K10: Shipped
A11: R1047542 | B11: 44260 | C11: 36685 | D11: ABSOLUT LIME FLAVORED VODKA | E11: 24 | F11: 119.82 | G11: 1 | H11: 1 | I11: 1 | J11: 1 | K11: Shipped
A12: R1323780 | B12: 44512 | C12: 87025 | D12: ADICTIVO PLATA TEQUILA | E12: 6 | F12: 230.74 | G12: 1 | H12: 1 | I12: 1 | J12: 1 | K12: Shipped
A13: R1330163 | B13: 44512 | C13: 47541 | D13: ANSAC BLACK KNIGHT SELECTION COGNAC | E13: 6 | F13: 138.43 | G13: 2 | H13: 2 | I13: 2 | J13: 2 | K13: Shipped
... A421: R1337993 | B421: 44529 | C421: 22257 | D421: WOODFORD RESERVE STRAIGHT WHEAT | E421: 6 | F421: 172.75 | G421: 4 | H421: 4 | I421: 4 | J421: 4 | K421: Shipped
E422: 7474 | F422: 86794.09 | G422: 1108 | H422: 1109 | I422: 1108 | J422: 1074

Sheet Sheet2
D1: =SUM(D2:D9060)
B2: Name | C2: Size | D2: Reserved Quantity
A3: 87509 | B3: 1800 SILVER TEQUILA | C3: #N/A | D3: 10
A4: 59154 | B4: 1800 ULTIMATE MARGARITA RTD | C4: #N/A | D4: 1
A5: 59161 | B5: 1800 ULTIMATE PEACH MARGARITA | C5: #N/A | D5: 5
A6: 59201 | B6: 1800 ULTIMATE STRAWBERRY MARGARITA RTD LTO | C6: #N/A | D6: 25
A7: 419961 | B7: 19 CRIMES THE UPRISING RED WINE | C7: #N/A | D7: 1
A8: 100959 | B8: 99 PEANUT BUTTER WHISKEY COUNTER UNIT | C8: #N/A | D8: 1
A9: 34003 | B9: ABSOLUT 80 VODKA | C9: #N/A | D9: 2
A10: 43028 | B10: ADMIRAL NELSON'S SPICED RUM | C10: #N/A | D10: 3
A11: 768676 | B11: ANDRE CHAMPAGNE MOSCATO | C11: #N/A | D11: 2
A12: 768692 | B12: ANDRE CHAMPAGNE STRAWBERRY MOSCATO | C12: #N/A | D12: 2
A13: 43126 | B13: BACARDI LIGHT RUM | C13: #N/A | D13: 2
A14: 768950 | B14: BALLATORE SPUMANTE | C14: #N/A | D14: 1
... A39: 88833 | B39: CASAMIGOS ANEJO TEQUILA 100% AGAVE | C39: #N/A | D39: 5
A40: 87280 | B40: CASAMIGOS BLANCO TEQUILA 100% AGAVE | C40: =VLOOKUP(A40,SizeData!#REF!,2,FALSE) | D40: 5
A41: 87280 | B41: CASAMIGOS BLANCO TEQUILA 100% AGAVE | C41: #N/A | D41: 5
A42: 89177 | B42: CASAMIGOS REPOSADO TEQUILA 100% AGAVE | C42: #N/A | D42: 5
A43: 57120 | B43: CHI CHI'S LONG ISLAND ICED TEA | C43: #N/A | D43: 1
A44: 57181 | B44: CHI CHI'S PINEAPPLE MARGARITA | C44: #N/A | D44: 1
A45: 57148 | B45: CHI-CHI'S MARGARITA | C45: #N/A | D45: 2
A46: 57144 | B46: CHI-CHI'S WHITE RUSSIAN | C46: #N/A | D46: 1
A47: 64514 | B47: CIROC APPLE FLAVORED VODKA SPECIALTY | C47: #N/A | D47: 1
A48: 64744 | B48: CIROC COCONUT FLAVORED VODKA SPECIALTY | C48: #N/A | D48: 1
A49: 64714 | B49: CIROC PEACH FLAVORED VODKA SPECIALTY | C49: #N/A | D49: 1
A50: 64575 | B50: CIROC PINEAPPLE FLAVORED VODKA SPECIALTY | C50: #N/A | D50: 1
A51: 64572 | B51: CIROC PINEAPPLE FLAVORED VODKA SPECIALTY | C51: #N/A | D51: 1
A52: 34201 | B52: CIROC SNAP FROST VODKA | C52: #N/A | D52: 1
A53: 51107 | B53: CIROC VS FRENCH BRANDY | C53: #N/A | D53: 1
A54: 47786 | B54: COURVOISIER V S COGNAC | C54: =VLOOKUP(A54,SizeData!#REF!,2,FALSE) | D54: 20
A55: 10838 | B55: CROWN ROYAL BLACK | C55: #N/A | D55: 10
A56: 10836 | B56: CROWN ROYAL BLACK | C56: #N/A | D56: 6
A57: 10807 | B57: CROWN ROYAL REGAL APPLE FLAVORED WHISKEY | C57: #N/A | D57: 5
A58: 10809 | B58: CROWN ROYAL REGAL APPLE FLAVORED WHISKEY | C58: #N/A | D58: 1
A59: 35648 | B59: CROWN RUSSE VODKA | C59: #N/A | D59: 1
A60: 58838 | B60: CUERVO LIME MARGARITA / 20PF | C60: #N/A | D60: 2
A61: 58868 | B61: CUERVO STRAWBERRY MARGARITA / 20PF | C61: #N/A | D61: 2
A62: 86110 | B62: DEKUYPER TRIPLE SEC | C62: #N/A | D62: 1
A63: 89154 | B63: DON JULIO REPOSADO TEQUILA GOLD | C63: =VLOOKUP(A63,SizeData!#REF!,2,FALSE) | D63: 1
A64: 462522 | B64: DUPLIN CAROLINA RED | C64: #N/A | D64: 2
A65: 47865 | B65: DUSSE VSOP COGNAC | C65: #N/A | D65: 5
A66: 73757 | B66: E & J APPLE BRANDY | C66: #N/A | D66: 1
A67: 52580 | B67: E & J SUPERIOR RESERVE VSOP BRANDY | C67: =VLOOKUP(A67,SizeData!#REF!,2,FALSE) | D67: 3
A68: 52584 | B68: E & J SUPERIOR RESERVE VSOP BRANDY | C68: #N/A | D68: 1
A69: 52582 | B69: E & J SUPERIOR RESERVE VSOP BRANDY | C69: #N/A | D69: 1
A70: 52559 | B70: E & J XO BRANDY | C70: #N/A | D70: 1
A71: 89182 | B71: EL MAYOR REPOSADO TEQIULA | C71: #N/A | D71: 1
A72: 33524 | B72: EXCLUSIV PINEAPPLE VODKA | C72: #N/A | D72: 1
A73: 33709 | B73: EXCLUSIV VODKA | C73: #N/A | D73: 8
A74: 65013 | B74: FIREBALL CINNAMON WHISKEY (PET) | C74: #N/A | D74: 15
A75: 64864 | B75: FIREBALL CINNAMON WHISKEY (PET) | C75: #N/A | D75: 1
A76: 64863 | B76: FIREBALL CINNAMON WHISKEY PET | C76: #N/A | D76: 5
A77: 565371 | B77: FLIP FLOP CHARDONNAY | C77: #N/A | D77: 1
A78: 886300 | B78: FRANZIA FRUITY RED SANGRIA | C78: #N/A | D78: 1
A79: 467800 | B79: FRANZIA HOUSE WINE FAV CHILLABLE RED | C79: #N/A | D79: 3
... A94: 413340 | B94: JAM JAR SWEET SHIRAZ WESTERN CAPE | C94: #N/A | D94: 1
A95: 15779 | B95: JAMESON BLACK BARREL IRISH WHISKEY | C95: =VLOOKUP(A95,SizeData!#REF!,2,FALSE) | D95: 2
A96: 19061 | B96: JIM BEAM BOURBON WHISKEY | C96: #N/A | D96: 2
A97: 19112 | B97: JIM BEAM DEVIL'S CUT KENTUCKY STRAIGHT BOURBON | C97: #N/A | D97: 1
A98: 58874 | B98: JOSE CUERVO AUTHENTIC PINK LEMONADE | C98: #N/A | D98: 2
A99: 100686 | B99: JOSE CUERVO AUTHENTIC PINK LEMONADE (4PK) | C99: #N/A | D99: 2
A100: 87408 | B100: JOSE CUERVO ESPECIAL SILVER | C100: #N/A | D100: 4
A101: 87416 | B101: JOSE CUERVO TRADICIONAL SILVER TEQ | C101: #N/A | D101: 1
A102: 52806 | B102: KORBEL BRANDY | C102: #N/A | D102: 5
A103: 664502 | B103: LIBERTY CREEK CALIFORNIA PINK MOSCATO | C103: #N/A | D103: 1
A104: 729080 | B104: LUC BELAIRE BRUT GOLD | C104: #N/A | D104: 8
A105: 88018 | B105: LUNAZUL BLANCO TEQUILA | C105: #N/A | D105: 1
A106: 89468 | B106: LUNAZUL REPOSADO TEQUILA | C106: #N/A | D106: 1
A107: 19478 | B107: MAKER'S MARK | C107: #N/A | D107: 5
... A131: 40593 | B131: NEW AMSTERDAM PEACH FLAVORED VODKA | C131: #N/A | D131: 3
A132: 40195 | B132: NEW AMSTERDAM PINEAPPLE FLAVORED VODKA | C132: =VLOOKUP(A132,SizeData!#REF!,2,FALSE) | D132: 1
A133: 40191 | B133: NEW AMSTERDAM PINEAPPLE FLAVORED VODKA | C133: #N/A | D133: 1
A134: 40598 | B134: NEW AMSTERDAM RED BERRY FLAVORED VODKA | C134: #N/A | D134: 2
A135: 36967 | B135: NEW AMSTERDAM VODKA | C135: #N/A | D135: 1
A136: 36968 | B136: NEW AMSTERDAM VODKA FLASK | C136: #N/A | D136: 3
A137: 39422 | B137: NEW AMSTERDAM VODKA PINK WHITNEY PINK LEMONADE | C137: #N/A | D137: 4
A138: 39382 | B138: NEW AMSTERDAM VODKA PINK WHITNEY PINK LEMONADE | C138: #N/A | D138: 3
A139: 39417 | B139: NEW AMSTERDAM WATERMELON FLAVORED VODKA | C139: #N/A | D139: 2
A140: 20374 | B140: OLD FORESTER 1910 KENTUCKY STRAIGHT BOURBON | C140: #N/A | D140: 1
A141: 955252 | B141: OLD SOUTH SWEET NOBLE MUSCADINE | C141: #N/A | D141: 2
A142: 76413 | B142: OLE SMOKY BUTTER PECAN MOONSHINE | C142: #N/A | D142: 2
A143: 76412 | B143: OLE SMOKY BUTTER PECAN MOONSHINE | C143: #N/A | D143: 1
A144: 86751 | B144: OLE SMOKY TENN. MOONSHINE HUNCH PUNCH LIGHTNIN' | C144: #N/A | D144: 1
... A169: 77420 | B169: STINKY GRINGO MARGARITA RTD | C169: #N/A | D169: 2
A170: 80518 | B170: SUGARLANDS SHINE DARK BUTTER PECAN SIPPIN' CREAM | C170: =VLOOKUP(A170,SizeData!#REF!,2,FALSE) | D170: 1
A171: 513500 | B171: SUTTER HOME MERLOT | C171: #N/A | D171: 2
A172: 513365 | B172: SUTTER HOME SWEET RED | C172: =VLOOKUP(A172,SizeData!#REF!,2,FALSE) | D172: 3
A173: 683362 | B173: SUTTER HOME WHITE ZINFANDEL | C173: =VLOOKUP(A173,SizeData!#REF!,2,FALSE) | D173: 3
A174: 425611 | B174: SWEET BITCH MOSCATO ROSE | C174: #N/A | D174: 3
A175: 816234 | B175: SWEET WALTER PINEAPPLE | C175: #N/A | D175: 1
A176: 38067 | B176: TAAKA VODKA 80 | C176: #N/A | D176: 12
A177: 38076 | B177: TAAKA VODKA 80 (PET) | C177: #N/A | D177: 10
A178: 90824 | B178: TAYLOR FLADGATE LATE BOTTLED VINTAGE | C178: =VLOOKUP(A178,SizeData!#REF!,2,FALSE) | D178: 1
A179: 95486 | B179: TAYLOR N Y CREAM SHERRY | C179: #N/A | D179: 1
A180: 95916 | B180: TAYLOR N Y DRY SHERRY | C180: #N/A | D180: 1
A181: 88372 | B181: TEREMANA REPOSADO TEQUILA | C181: #N/A | D181: 1
A182: 5924 | B182: THE GLENLIVET CARIBBEAN RESERVE | C182: #N/A | D182: 2
A183: 38178 | B183: TITO'S HANDMADE VODKA | C183: #N/A | D183: 5
A184: 38178 | B184: TITO'S HANDMADE VODKA | C184: #N/A | D184: 5
A185: 38194 | B185: TITO'S HANDMADE VODKA/12B-SHRINKWRAP SLV | C185: #N/A | D185: 4
...

Sheet Lottery_3_7_2022
B1: =TODAY() | C1: Total | D1: =SUM(D3:D3477)
A2: Item # | B2: Name | C2: Size | D2: Reserved Quantity | E2: Order | F2: Date | G2: Note
A3: 87509 | B3: 1800 SILVER TEQUILA | C3: #N/A | D3: 10 | E3: R1483559 | F3: 44622
A4: 59154 | B4: 1800 ULTIMATE MARGARITA RTD | C4: #N/A | D4: 1 | E4: R1497382 | F4: 44627
A5: 59161 | B5: 1800 ULTIMATE PEACH MARGARITA | C5: #N/A | D5: 5 | E5: R1493246 | F5: 44623
A6: 59201 | B6: 1800 ULTIMATE STRAWBERRY MARGARITA RTD LTO | C6: #N/A | D6: 25 | E6: R1473430 | F6: 44615
A7: 419961 | B7: 19 CRIMES THE UPRISING RED WINE | C7: #N/A | D7: 1 | E7: R1496401 | F7: 44621
A8: 100959 | B8: 99 PEANUT BUTTER WHISKEY COUNTER UNIT | C8: #N/A | D8: 1 | E8: R1469832 | F8: 44615
A9: 34003 | B9: ABSOLUT 80 VODKA | C9: #N/A | D9: 2 | E9: R1496619 | F9: 44621
A10: 43028 | B10: ADMIRAL NELSON'S SPICED RUM | C10: #N/A | D10: 3 | E10: R1486326 | F10: 44616
A11: 768676 | B11: ANDRE CHAMPAGNE MOSCATO | C11: #N/A | D11: 2 | E11: R1496401 | F11: 44621
A12: 768692 | B12: ANDRE CHAMPAGNE STRAWBERRY MOSCATO | C12: #N/A | D12: 2 | E12: R1496401 | F12: 44621
A13: 768950 | B13: BALLATORE SPUMANTE | C13: #N/A | D13: 1 | E13: R1488872 | F13: 44627
A14: 16652 | B14: BARDSTOWN BOURBON COMPANY FUSION SERIES | C14: #N/A | D14: 2 | E14: R1501158 | F14: 44627
... A174: 429975 | B174: YELLOW TAIL MERLOT | C174: #N/A | D174: 3 | E174: R1493246 | F174: 44623
